"name","alpha","comp"
"Abortable_Linearizable_Modules",1.86656645481473,-2.4657296443827
"Abs_Int_ITP2012",1.76291336547942,-2.59251386068308
"Abstract_Completeness",1.44926775401584,-12.2756222761309
"Abstract_Soundness",1.57293574336804,-7.38429899466124
"Abstract-Hoare-Logics",1.6639957185789,-0.00558509008057984
"Abstract-Rewriting",1.99709535363428,-3.91284269510688
"Adaptive_State_Counting",1.86759527516132,-0.816830344653701
"ADS_Functor",1.69195642613029,-12.029659960595
"Affine_Arithmetic",2.59240789306845,0.0846267742583375
"Aggregation_Algebras",1.59247238587658,-0.433481848147472
"AI_Planning_Languages_Semantics",2.02496777450525,-0.0299587928338974
"Akra_Bazzi",2.8183505082697,-1.95454794138117
"Algebraic_Numbers",1.97182574443075,-2.5893121989496
"Algebraic_VCs",1.38076096130716,-63.117314222306
"Allen_Calculus",1.79355541356775,0.0210255622738695
"Amicable_Numbers",2.04432375002011,-2.3851348927342
"Amortized_Complexity",2.52261186306918,-0.071803967710875
"AODV",2.61742080505899,-0.175682032360608
"Applicative_Lifting",1.97120220745212,-3.96300503935418
"Approximation_Algorithms",2.60101256112254,-0.146115329457596
"Architectural_Design_Patterns",1.53302813423104,-4.20997120475308
"Aristotles_Assertoric_Syllogistic",1.62775805889211,-0.246285787032828
"ArrowImpossibilityGS",1.91323880631013,-0.0552062159318887
"Attack_Trees",1.94291189263806,-2.93631144626285
"Auto2_HOL",1.49610194218065,-1.88418068895184
"Auto2_Imperative_HOL",1.88673282404996,-3.26112577224949
"AutoFocus-Stream",1.82642902117467,-1.49111385834246
"Automated_Stateful_Protocol_Verification",1.18937691481828,40.7955441386858
"Automatic_Refinement",2.58346750314823,0.0370133304797089
"AVL-Trees",1.68961904354812,-7.13009902722978
"AWN",1.43317020802437,-77.9467488381772
"AxiomaticCategoryTheory",1.77344202603073,-Inf
"BD_Security_Compositional",3.45092283347861,-0.00170936697630086
"BDD",2.4875217682656,-0.108084695576319
"Belief_Revision",2.54660804159274,-0.0256789660441257
"BenOr_Kozen_Reif",1.82592210751052,-0.00025365836422786
"Berlekamp_Zassenhaus",2.11173872039752,-6.97680103610907
"Bernoulli",1.66545847275885,-5.75354745765345
"Bertrands_Postulate",2.33420473976831,-0.78420897268848
"BinarySearchTree",1.72300199948508,-3.14455681157036
"Binding_Syntax_Theory",1.84624648238109,-4.62438351742541
"Binomial-Heaps",1.91284627988994,-3.15428850675728
"Binomial-Queues",1.77279546716433,-3.31548727646871
"BirdKMP",1.82333402484399,-0.525445075864193
"Blue_Eyes",1.55282623008597,-0.395335688732633
"BNF_CC",1.51873061101322,-23.2566680296131
"BNF_Operations",1.31090945458825,-135.232570247825
"Boolean_Expression_Checkers",1.57902391099117,-5.50522071280843
"Bounded_Deducibility_Security",2.01656888572986,-0.488613368814118
"BTree",1.59502457360389,-1.23058631649312
"Buchi_Complementation",1.65604585271078,-15.6001791618422
"Budan_Fourier",2.29075328606459,-0.810507760565289
"Buildings",1.96750710667867,-2.85181584308229
"BytecodeLogicJmlTypes",1.49855824550526,0.0049139883134921
"C2KA_DistributedSystems",1.45964846123862,-2.43274157668253
"CakeML",1.90567583577833,0.75782799691803
"CakeML_Codegen",2.10924590420121,-0.129139438337385
"Call_Arity",2.04386843691179,-0.428824748928259
"Card_Number_Partitions",1.72131845771432,-0.173198415258938
"Case_Labeling",2.63168943926045,-0.035745466905251
"Catalan_Numbers",1.76153131727788,-1.24678968405537
"Category",1.88242004079106,-1.47030656559422
"Category2",1.78352523866082,-4.61420713237646
"Category3",1.8949865601938,-10.0632276826605
"Cauchy",1.84097977231949,-1.50967670337427
"CAVA_Automata",3.49955769467228,-Inf
"CAVA_LTL_Modelchecker",1.72364391048648,-25.085976099044
"Cayley_Hamilton",1.56507387538688,-Inf
"CCS",1.84919783590462,-0.100100260279877
"Certification_Monads",1.51133784058333,-15.5501529918465
"Chandy_Lamport",1.47706810407081,-5.69692171087561
"Circus",2.7142034484131,-0.0217977263320237
"CISC-Kernel",2.27234758442164,-0.614148207989441
"Clean",1.68778740908489,-3.52183807780547
"ClockSynchInst",1.52789960252148,-5.2803088724935
"Closest_Pair_Points",2.55736180598273,-0.742053988216707
"CoCon",1.33322699612005,-83.7694485654841
"CofGroups",1.51001512777114,-2.85746686482389
"Coinductive",1.85409956983136,-2.86949320684189
"Coinductive_Languages",1.93280597661445,-3.9378094858603
"Collections",1.57861875130241,-73.3451749462066
"Combinatorics_Words",2.12936979643058,-3.90274875607918
"Combinatorics_Words_Graph_Lemma",2.10180168981636,-0.0187453826542594
"Combinatorics_Words_Lyndon",1.90137442051103,-1.13984022155501
"Comparison_Sort_Lower_Bound",1.4535315698644,-1.38767487821865
"Compiling-Exceptions-Correctly",1.37217793713011,-9.49554369099793
"Complete_Non_Orders",1.6314711488149,-2.93326702064259
"Completeness",2.18640029594317,-6.27038845636217
"Complex_Bounded_Operators",1.84633480952447,-0.406541451597133
"Complex_Geometry",1.97791723046558,-4.10057963194189
"Complx",1.43611767995581,-30.7631344093674
"ComponentDependencies",1.10618090731299,-95.4906864860475
"Concurrent_Ref_Alg",2.68617076531378,-Inf
"Concurrent_Revisions",1.39894351001362,-7.74658922289401
"ConcurrentGC",1.93882861367954,-0.0710261208368466
"ConcurrentIMP",1.48152252580995,-32.2396250849242
"Conditional_Transfer_Rule",1.98884543377826,-1.12420017063042
"Consensus_Refined",1.85515614969661,-6.00875761184332
"Constructive_Cryptography",1.46635809375838,-35.0321710976016
"Constructive_Cryptography_CM",1.89973508778333,-4.31020979577181
"Constructor_Funs",1.60321468571198,-3.52268288000476
"Containers",2.02507255969257,-5.84929109613258
"Core_DOM",1.77782753520028,-1.71821954133861
"Core_SC_DOM",1.78115115121482,-1.27776023449409
"CoreC++",1.80459920181958,0.110962967776059
"Correctness_Algebras",1.55137070912799,-0.426458855129802
"CoSMed",1.72589907396396,-7.67552792746501
"CoSMeDis",1.45617237894171,-6.19159854305309
"Count_Complex_Roots",2.05759266989725,-9.7302300938358
"CRDT",1.66422689838105,-6.15967848685871
"CryptHOL",1.78556866842436,-3.36699355734241
"CryptoBasedCompositionalProperties",1.5621327421567,-8.9016520403337
"CSP_RefTK",2.08703360601026,-0.186905905213964
"Cubic_Quartic_Equations",4.22700315326632,-0.38947109649856
"CYK",1.77430866401494,-0.245272563555394
"CZH_Elementary_Categories",2.36932909567017,-0.114949834530698
"CZH_Foundations",1.80523326222018,-1.15635175511497
"CZH_Universal_Constructions",2.26440300608928,-3.31529797716919
"DataRefinementIBP",1.93506548915854,-1.94336806928231
"Datatype_Order_Generator",1.56094124007106,-9.98158748291367
"Decl_Sem_Fun_PL",2.32141582856103,-3.11029377966347
"Decreasing-Diagrams",2.31641642530055,-2.24604002852992
"Decreasing-Diagrams-II",1.64616270833441,-3.94042180086319
"Deep_Learning",1.93682442647452,-0.486165941628606
"Delta_System_Lemma",2.17885265252247,-3.23358951318365
"Density_Compiler",1.48499106405398,-16.6945162267895
"Dependent_SIFUM_Refinement",1.70311831555279,-22.2527457168353
"Dependent_SIFUM_Type_Systems",1.66336867164805,-24.6211555089199
"Depth-First-Search",1.52690481663762,-0.482717381817391
"Derangements",1.91007275879669,-0.230611077656911
"Deriving",1.73373266273668,-8.93355503584436
"Descartes_Sign_Rule",1.87835411163475,-0.180860255281928
"Design_Theory",2.64060466526502,-0.213230634762315
"DFS_Framework",1.83473064863955,-4.17176119584021
"Dict_Construction",4.48460979142931,0.0059629384872899
"Differential_Dynamic_Logic",1.39089243394359,-67.4376886063392
"Differential_Game_Logic",1.4935006819704,-1.14935236691194
"Dijkstra_Shortest_Path",1.9670911593289,-0.94272209568463
"Diophantine_Eqns_Lin_Hom",2.1061079361963,-0.671408057726766
"Dirichlet_L",1.75560136210231,-3.16926307653656
"Dirichlet_Series",2.2086743951195,-0.481592211053327
"Discrete_Summation",1.89190871463667,-1.02785542084597
"DiscretePricing",2.0866945169305,-6.40191078193979
"DiskPaxos",2.26168302944437,-Inf
"DOM_Components",2.23253674477359,-1.18817342709502
"Dominance_CHK",1.57071535645346,-7.63722016288036
"Dynamic_Tables",2.81700737249278,-0.030357482152819
"DynamicArchitectures",2.1406359311019,-0.583603319242028
"Echelon_Form",3.09089137227958,0.00343161627949051
"EdmondsKarp_Maxflow",3.08969535985181,-0.353797115779739
"Efficient-Mergesort",3.09764257165101,-1.01313754197876
"Elliptic_Curves_Group_Law",1.90366298061815,-0.789800424747007
"Encodability_Process_Calculi",1.96350959214231,-0.779753280493699
"Epistemic_Logic",1.60211154746032,-0.484280556867366
"Ergodic_Theory",2.35121913080287,-0.340806200974954
"Error_Function",1.87590554911969,-0.807343176488462
"Euler_MacLaurin",1.73555546788945,-6.4919585732154
"Euler_Partition",1.6823458092717,-2.18498301793896
"Extended_Finite_State_Machine_Inference",2.638501933561,-0.0151035570037727
"Extended_Finite_State_Machines",1.64467640087681,-2.46932624503313
"Factor_Algebraic_Polynomial",2.79181816906526,-0.606542676978444
"Factored_Transition_System_Bounding",2.72168427789166,0.019595682129784
"Farkas",2.12565357946104,-Inf
"Featherweight_OCL",1.53956001376136,-7.6261963809023
"FeatherweightJava",1.74942346855087,-1.95191911748909
"FileRefinement",2.16010607172731,-Inf
"FinFun",1.87429436359489,-0.398953959329174
"Finger-Trees",1.49851288329186,-3.44638306338014
"Finite_Automata_HF",2.10384329399423,-0.78396784987022
"Finitely_Generated_Abelian_Groups",2.27453507745031,-0.0130468950206546
"First_Order_Terms",1.49550040536572,-9.38870666389434
"First_Welfare_Theorem",1.60164480456642,-13.4845505359285
"Fishburn_Impossibility",1.68484691518608,-4.10051528962749
"Fisher_Yates",1.75148360494874,-0.416450792553333
"Flow_Networks",2.2326673603576,-1.97310778114858
"Floyd_Warshall",1.85466578817781,-0.659970999437148
"FLP",2.02088614594931,-1.6608139309401
"Flyspeck-Tame",2.57727930644694,0.186686209076818
"FocusStreamsCaseStudies",1.89965335172838,-4.1809994312528
"FOL_Axiomatic",1.31447953894392,-4.27221907314207
"FOL_Harrison",1.6269101990285,-0.938476701597878
"FOL_Seq_Calc1",1.85225868610621,-1.03329912687196
"FOL-Fitting",1.39002734145519,-6.93913500910164
"Forcing",2.44641764387725,-0.801939412115887
"Formal_Puiseux_Series",2.54323320590754,-Inf
"Formal_SSA",1.53019870020245,-Inf
"Formula_Derivatives",1.31217898330648,-24.9442517972046
"Foundation_of_geometry",1.84748594973999,-1.86260096291119
"Fourier",2.01804053214997,-0.713935217829346
"Free-Boolean-Algebra",1.96735674236981,-0.903972642771865
"Free-Groups",1.95790336263631,-4.87930744019012
"Fresh_Identifiers",2.06636088509188,-2.7106231354588
"Functional_Ordered_Resolution_Prover",1.67502344272318,-0.516100034135612
"Functional-Automata",1.71333736984498,-3.53930851320135
"Furstenberg_Topology",1.67417067719921,-0.297666049986103
"Gabow_SCC",2.36275487255274,-0.745310634402113
"GaleStewart_Games",2.8367082906764,-0.0383901501745836
"Game_Based_Crypto",3.46701594711624,-Inf
"Gauss_Jordan",2.84760475180601,-0.0271093655599288
"Gauss_Sums",1.73251393660633,-8.08158166578296
"Gauss-Jordan-Elim-Fun",1.65889585962479,-0.871035104672876
"Gaussian_Integers",1.52090803294178,-3.85745538924974
"GenClock",2.46206562071941,-0.0354578548758593
"General-Triangle",1.8794311311316,-0.00561428212823234
"Generalized_Counting_Sort",3.31690735695521,-0.208743060451519
"Generic_Deriving",1.69268598861905,-56.0088841660119
"Generic_Join",2.27370019740844,-0.105701890937302
"GewirthPGCProof",1.4183416462978,0.0132271012220475
"Girth_Chromatic",4.20089412326624,-0.140180008305435
"Goedel_HFSet_Semantic",1.17505734543022,-0.317565417779059
"Goedel_HFSet_Semanticless",1.85665265395642,-2.06322245077641
"Goedel_Incompleteness",2.29707078065751,-4.95844568276556
"GoedelGod",1.4728344596637,-1.29420457768841
"Goodstein_Lambda",1.92558333970009,-3.43242236561484
"GPU_Kernel_PL",1.30589433772674,-45.6494307101865
"Graph_Saturation",1.83398622626154,-3.05917702462326
"Graph_Theory",2.14741693346594,-2.64836760625353
"GraphMarkingIBP",2.22394327389682,-0.136245968522124
"Green",2.57450092378979,-3.36917587241962
"Groebner_Bases",1.81865440098595,-0.56141739655673
"Groebner_Macaulay",2.08395630660779,-Inf
"Gromov_Hyperbolicity",2.10310131162651,-0.82719590368555
"Grothendieck_Schemes",2.79896658945376,0.0489511275339143
"Group-Ring-Module",2.11766620179799,0.0601607447998638
"Hahn_Jordan_Decomposition",2.25109406162438,-0.41254070616234
"Heard_Of",2.05168743561826,-7.98538697552283
"Hello_World",2.10233515502346,-0.000296318259529915
"HereditarilyFinite",2.02546963900703,-0.754249500873506
"Hermite",1.72528969741873,-6.94017271913671
"Hermite_Lindemann",1.95453696617144,-5.54361559089185
"Hidden_Markov_Models",1.49985537337094,1.32564167503093
"Higher_Order_Terms",1.51587303606982,-24.5533838210224
"Hoare_Time",1.40711445328949,-74.0824837776209
"HOL-CSP",1.79580431413879,-2.04917334192412
"HOLCF-Prelude",2.36054533447677,-0.10385499668809
"Hood_Melville_Queue",1.72887547670857,-2.82076202089702
"HotelKeyCards",2.29133241046764,-0.0173630639407771
"HRB-Slicing",1.47534251218167,-2.30073054645499
"Huffman",1.75453845984268,-1.33701468691671
"Hybrid_Logic",1.54508886509764,-5.07350491097328
"Hybrid_Multi_Lane_Spatial_Logic",1.7178405685364,-0.283266575732814
"Hybrid_Systems_VCs",1.87632865694545,-0.760516370912325
"HyperCTL",1.74112021934833,-0.849884810296031
"IEEE_Floating_Point",1.69260049776365,-11.2615403348273
"IFC_Tracking",1.59146024232444,-8.24948381523058
"IMAP-CRDT",1.4248949610707,0.669410029854121
"IMO2019",1.73835885156535,-4.11400068088045
"IMP_Compiler",1.35586506400779,-2.03712558931303
"IMP2",1.50238443025211,-18.6265142743166
"IMP2_Binary_Heap",4.07950687693781,-Inf
"Imperative_Insertion_Sort",2.03908949360004,-0.559686553111199
"Impossible_Geometry",1.46909163582079,-2.42152835271443
"Incompleteness",1.79995615219889,-7.70476972499755
"Incredible_Proof_Machine",2.8826497784867,-0.164689676593476
"Inductive_Confidentiality",1.7914939302279,-2.73577080945485
"Inductive_Inference",1.81496032517271,-Inf
"InformationFlowSlicing",1.4082135131153,-4.12278880475778
"InformationFlowSlicing_Inter",1.42403299312474,-3.22057571968309
"InfPathElimination",1.8748242478456,-1.58454519938426
"Integration",1.99707585265436,-1.09768060528811
"Interpreter_Optimizations",1.93144690588602,-15.8330569229687
"Interval_Arithmetic_Word32",1.4506833544735,-11.8147107899936
"IP_Addresses",1.28342356729554,-26.8639048734355
"Iptables_Semantics",1.57635191430771,0.0858024101146464
"Isabelle_Marries_Dirac",1.82213546324195,-12.3838893545764
"Isabelle_Meta_Model",1.80777817965779,-17.5466969323551
"IsaGeoCoq",2.90414131597338,-Inf
"Jacobson_Basic_Algebra",2.88845051069193,-2.19904176069002
"Jinja",1.5525063422218,-26.0981743244905
"JinjaDCI",1.39879318249307,3.85336541801018
"JinjaThreads",1.57599178688062,-72.6254573848421
"JiveDataStoreModel",1.50170857385154,-41.6813693813399
"Jordan_Hoelder",2.96522547294001,-0.155918409258755
"Jordan_Normal_Form",2.03528289067188,-1.30911471081747
"KAD",1.07404337777986,-0.00398853347886874
"KAT_and_DRA",1.62252992031874,-3.99288883428895
"KBPs",1.56140551146852,-2.81255591469665
"KD_Tree",2.15294672205982,0.0398994959241068
"Key_Agreement_Strong_Adversaries",1.86712831978405,-2.37225300698182
"Kleene_Algebra",1.51722389592772,-0.264982763943726
"Knot_Theory",1.95360741146575,-1.07361475856389
"Knuth_Bendix_Order",1.80680404624902,-0.80676164522415
"Knuth_Morris_Pratt",1.68945781437473,0.0283793166656738
"Koenigsberg_Friendship",1.53079397624082,-3.51288567148562
"Kruskal",2.50428748682423,-0.693397712296567
"Kuratowski_Closure_Complement",1.57010042726756,-5.81259193417468
"Lam-ml-Normalization",1.92133934589917,-4.49521726874225
"Lambda_Free_EPO",1.71914537784463,-3.88967798611907
"Lambda_Free_KBOs",1.64029484545542,-6.92232774061562
"Lambda_Free_RPOs",1.78787195883661,-2.18309294849812
"LambdaAuth",1.2576758931021,-34.0007090753678
"LambdaMu",1.82156688290248,-4.30711090569378
"Lambert_W",2.08698110666561,-0.429179672458899
"Landau_Symbols",1.65580674520024,-8.52466166496005
"Laplace_Transform",1.83716881640515,-2.50044957816928
"Latin_Square",3.58593055284041,0.00849151635990841
"LatticeProperties",1.86336575744241,-9.02657475178668
"Launchbury",1.52834791978631,-15.1206420449126
"Lazy_Case",1.55707512736473,-2.02091128649929
"Lazy-Lists-II",2.73542680563939,-0.148753866037959
"Lifting_Definition_Option",2.6056866085455,-0.501316390171799
"LightweightJava",2.09961018928856,-0.0637916403556251
"Linear_Inequalities",2.92197089923149,-1.17118521463842
"Linear_Programming",1.65687335625956,-18.712614987488
"Linear_Recurrences",2.60271464586395,0.0725551510170048
"LinearQuantifierElim",1.43897950540112,-0.560524078057346
"List_Interleaving",1.75405125552771,-Inf
"List_Inversions",1.93693612982085,-2.13957612189252
"List_Update",2.23188672046792,-1.64436796809875
"List-Index",1.63828269041966,-1.44664404650191
"List-Infinite",1.73494840338307,-8.02301455489287
"LLL_Basis_Reduction",2.27545523381937,-1.11420258802505
"LLL_Factorization",3.28667144063986,-0.0445822988797122
"Localization_Ring",1.37987203474688,-2.38204868037764
"LocalLexing",2.17398147595985,-0.138042312818802
"Locally-Nameless-Sigma",1.7919145657723,-0.944438215148736
"LOFT",1.51606108888644,-7.02086563179888
"Logging_Independent_Anonymity",1.54923837117886,-3.76393896607173
"Lowe_Ontological_Argument",2.15662635577513,-0.0751020650336673
"Lower_Semicontinuous",2.05516175969349,-0.0988084843452115
"Lp",2.07450363781608,-0.71904574261404
"LTL",1.34403479510064,-29.7201971790805
"LTL_Master_Theorem",1.74187335827484,-7.27567834756737
"LTL_Normal_Form",1.75152155235912,-1.18617502331709
"LTL_to_DRA",1.45929726614361,-23.154771897901
"LTL_to_GBA",2.2308192122567,-0.299729914842259
"Markov_Models",1.78156348319143,-7.44908052615391
"Matrices_for_ODEs",1.87285770613996,-0.17866053656056
"Matrix",1.60193698154424,-9.21448419015547
"Matrix_Tensor",1.69027171673906,-2.04926579027861
"Matroids",1.78533088294625,-2.25398940996378
"Max-Card-Matching",1.57744073596182,-1.71711315869334
"Median_Of_Medians_Selection",1.61916095248866,-1.76752404815343
"Menger",1.93685066615698,-1.16166218348765
"Mereology",1.65555794568358,-4.47959502795859
"Mersenne_Primes",1.75440816207663,-5.12027333305842
"Metalogic_ProofChecker",1.80738424000454,-Inf
"MFMC_Countable",1.77890883959081,-7.85670144334109
"MFODL_Monitor_Optimized",1.45544183324445,-10.1853953032383
"MFOTL_Monitor",1.42307824816573,-17.4899100279385
"Minimal_SSA",1.67945081357487,-2.16220020183704
"MiniML",1.84907678254852,-4.46818247813522
"MiniSail",2.49062986336726,-0.0100715657407999
"Minsky_Machines",1.54590851515801,-0.472095906790207
"Modal_Logics_for_NTS",1.75533423422659,-14.74879508202
"Modular_arithmetic_LLL_and_HNF_algorithms",2.66486313428199,-0.912020991575912
"Modular_Assembly_Kit_Security",2.68825612673037,0.130769879549478
"Monad_Memo_DP",2.04998963901042,-2.69503102535201
"MonoBoolTranAlgebra",2.07337817349327,-0.1628755095538
"MonoidalCategory",1.26547916571059,-26.0546137554554
"Monomorphic_Monad",1.732678682761,-23.8258459256238
"MSO_Regex_Equivalence",1.43790669732208,-3.78741075726244
"MuchAdoAboutTwo",1.87586528316335,-0.475278037509745
"Multi_Party_Computation",2.93578769393293,-Inf
"Multirelations",1.51247920549635,-169.696248296754
"Myhill-Nerode",2.2587551846551,-0.28065218444877
"Name_Carrying_Type_Inference",1.54158660902406,-4.21340025067022
"Nash_Williams",1.5335914346666,-2.43007866386305
"Nat-Interval-Logic",1.88684961358299,-2.8960496029611
"Native_Word",1.9231834724357,-2.36125584484237
"Nested_Multisets_Ordinals",1.79583210638747,-5.12256548235534
"Network_Security_Policy_Verification",1.74013613490017,-42.3283758349247
"Neumann_Morgenstern_Utility",1.86330564781434,-0.0674083542120079
"No_FTL_observers",1.74994004727756,-1.78827333323276
"Nominal2",2.06666975978366,0.0209975175729724
"Noninterference_Concurrent_Composition",1.70379892708718,-1.60233823603913
"Noninterference_CSP",1.63862929665522,-26.0988905893693
"Noninterference_Generic_Unwinding",1.60294852545897,-0.451667377829907
"Noninterference_Inductive_Unwinding",1.7051389734495,-2.04655913957304
"Noninterference_Ipurge_Unwinding",4.10013700749801,-Inf
"Noninterference_Sequential_Composition",2.17704956479236,-0.81999402563001
"NormByEval",1.38116903074006,-2.59103303964091
"Nullstellensatz",1.61290993927478,-5.7272265348822
"Octonions",3.7777237160452,-Inf
"Open_Induction",1.89379286686102,-2.39467048620807
"OpSets",1.53021992480663,-9.34257551788149
"Optics",2.35308525418949,-0.0115702572859875
"Optimal_BST",1.88653781282896,-0.89115950850055
"Orbit_Stabiliser",1.37898119638861,-3.36847710726618
"Order_Lattice_Props",1.66001565637451,-Inf
"Ordered_Resolution_Prover",1.75257050853994,-4.30376427599246
"Ordinal",1.94577674992966,-1.21245223368843
"Ordinal_Partitions",1.77952429353129,-12.1602133156704
"Ordinary_Differential_Equations",1.83374151851834,-10.9090674578759
"PAC_Checker",1.66522894902868,-15.3659376085339
"Padic_Ints",2.32421516261061,-0.0557113633296498
"Pairing_Heap",2.00177400256607,-1.13019659773039
"PAL",1.23538077163849,-1.78809315556625
"Paraconsistency",1.41830305294072,-5.47051940880091
"Parity_Game",1.9247783661572,-0.0963109864866185
"Partial_Function_MR",1.48904117736142,-Inf
"Partial_Order_Reduction",2.55176822722816,-0.40553275298795
"Password_Authentication_Protocol",1.69477146493197,0.0282341192187081
"PCF",1.47178249260901,-9.92368977677181
"Pell",2.43930298624066,-0.148954911894278
"Perron_Frobenius",2.62464288304076,-0.118895556545665
"pGCL",1.68260252591979,-28.6246771858708
"Physical_Quantities",1.84622473524518,-2.32094566583392
"Pi_Calculus",1.76429674835091,-12.464681998701
"Planarity_Certificates",2.48286904097429,-Inf
"PLM",1.76687408943428,-2.28009345370218
"Poincare_Bendixson",2.81714012479449,-0.0278360728377494
"Poincare_Disc",3.03836104977699,-0.0347308898815024
"Polynomial_Factorization",3.18853283270548,-0.608219085111372
"Polynomial_Interpolation",1.75199637613984,-0.881359934849427
"Polynomials",1.76132310696704,-1.36262621127782
"Pop_Refinement",3.15678480238383,0.0563356481922228
"POPLmark-deBruijn",1.71923865047762,-6.73370008207511
"Posix-Lexing",1.37796601473243,-2.70452451632644
"Possibilistic_Noninterference",1.73393052233641,-4.08060857839252
"Power_Sum_Polynomials",2.51932888085195,-0.0329521253468259
"Pratt_Certificate",2.12333990142877,-1.77417189725583
"Presburger-Automata",1.57629288629208,-15.3648520522729
"Prim_Dijkstra_Simple",1.94268164533174,-24.0654122455853
"Prime_Distribution_Elementary",2.1272575841267,-0.140124061208115
"Prime_Number_Theorem",2.36574824801226,-0.166277275492442
"Priority_Queue_Braun",3.34144946541299,0.00327259299644611
"Priority_Search_Trees",2.27324473120463,-0.337299242518194
"Probabilistic_Noninterference",1.59710155291896,-3.86808513069935
"Probabilistic_Prime_Tests",1.68853623726809,-17.4102288757151
"Probabilistic_System_Zoo",1.43791097778088,-201.152638478187
"Probabilistic_Timed_Automata",2.52965180035441,-0.0416281263767275
"Probabilistic_While",1.88972608803709,-1.97103222943375
"Program-Conflict-Analysis",1.59103020768442,-11.7747737444531
"Progress_Tracking",2.05976068571279,-0.22927257062726
"Projective_Geometry",2.35264606190665,-0.245103624138453
"Projective_Measurements",2.24065058727134,-1.44303860771718
"Promela",1.80486246699624,-3.95134144034921
"Propositional_Proof_Systems",1.68515666190743,-0.848802575676294
"PropResPI",2.06445592270301,0.0420069967110006
"Prpu_Maxflow",2.30818006907278,-0.200672857981031
"PSemigroupsConvolution",1.52184854302069,-0.377049625937389
"PseudoHoops",1.34975317870728,-2.39336495257327
"Psi_Calculi",1.67967027355418,-37.9607821778319
"Public_Announcement_Logic",1.3372690940499,-1.0619836831575
"QHLProver",2.0286329269754,-3.52832260760206
"QR_Decomposition",1.72927651230363,0.0490962836511186
"Quantales",1.44737348911196,-2.91016299888172
"Quaternions",2.14661853436581,-0.611004023823268
"Quick_Sort_Cost",1.6494378901613,-4.42295180273193
"Random_BSTs",1.75621361834518,-1.04599732098482
"Random_Graph_Subgraph_Threshold",3.26822864260712,-0.128443218354567
"Randomised_BSTs",1.58329437613551,-7.7668792941828
"Randomised_Social_Choice",3.88176243717191,-Inf
"Rank_Nullity_Theorem",1.87229852251416,-Inf
"Real_Impl",1.76314989812657,-0.885552970890305
"Real_Power",2.45678053546343,0.00218264597598417
"Recursion-Addition",1.8592933900621,-0.814581458370933
"Recursion-Theory-I",1.71879701762833,-0.914210935573966
"Refine_Imperative_HOL",1.85141888584369,-6.2065713995551
"Refine_Monadic",1.67589374301613,-6.1543480716824
"RefinementReactive",1.9025486250366,-9.30782955861484
"Regex_Equivalence",1.32661200156646,-77.1358569374055
"Registers",2.72401617937149,-0.0366351355701031
"Regression_Test_Selection",1.51060445922441,-18.1897460371368
"Regular_Algebras",1.31162253356914,-1.0825341235248
"Regular-Sets",1.29850924951968,-13.3059463930942
"Relation_Algebra",1.43703961774459,0.212620446038466
"Relational_Disjoint_Set_Forests",1.79523707894597,-9.27812611121079
"Relational_Forests",1.94006612456816,-13.5572799209889
"Relational_Method",1.61895943927173,-0.0251153516934117
"Relational_Minimum_Spanning_Trees",1.82974867414104,-4.89012449948674
"Relational_Paths",1.8078291772581,-0.821532697909994
"Relational-Incorrectness-Logic",2.25797737219742,-0.0334167601923034
"Rep_Fin_Groups",2.04225878900585,-1.38767775659652
"Residuated_Lattices",1.72299160574235,-0.25806464569787
"Resolution_FOL",1.95635122875827,-0.736221232800262
"Rewriting_Z",2.77988157427785,0.0163478071665226
"Ribbon_Proofs",1.69366867505434,-18.8303680877594
"Robbins-Conjecture",1.70618604849872,-0.337880277745904
"ROBDD",1.44232602645809,-28.8436620738712
"Robinson_Arithmetic",1.25745760236642,-11.7002423238899
"Root_Balanced_Tree",1.73954333767182,-7.08350124231522
"Routing",1.94394042130992,-0.593730325993132
"RSAPSS",1.74060569601028,0.116840189150851
"Safe_Distance",2.06126082028796,-1.62235345362052
"Safe_OCL",1.54548196681172,-9.07375127229661
"SATSolverVerification",2.51746312855192,-Inf
"Saturation_Framework",2.09641664418117,-2.19332014891237
"Saturation_Framework_Extensions",2.64098249926251,-0.400726104080343
"SC_DOM_Components",2.48783250404932,-1.18968333567352
"Schutz_Spacetime",2.00404344220872,-0.781233749820817
"SDS_Impossibility",1.32384656792942,-0.630209093248232
"Secondary_Sylow",1.58485090278258,-3.85214721018054
"Security_Protocol_Refinement",1.84997078835774,-0.597364629631211
"Selection_Heap_Sort",2.96162112970504,-Inf
"SenSocialChoice",2.06058888591373,-1.67217767147115
"Separata",1.76891188993992,0.198795778320765
"Separation_Algebra",1.70285138733755,-9.66576615103831
"Separation_Logic_Imperative_HOL",2.12174751679565,-0.143535211674791
"SequentInvertibility",1.72185876145469,-25.3825095216102
"Shadow_DOM",2.69385722877272,0.215169810989456
"Shadow_SC_DOM",2.19991337301549,-2.72905719535763
"Shivers-CFA",1.70914076183198,-8.68191619871675
"ShortestPath",3.30859986360027,-0.0167528667206158
"Show",2.54933056828716,0.0031080788351705
"SIFPL",1.67668348224244,-2.33336289393126
"SIFUM_Type_Systems",1.60977208388996,-1.0948731437672
"Sigma_Commit_Crypto",2.94299731743377,0.161134344861886
"Signature_Groebner",1.75425288650966,-0.542378837116869
"Simpl",1.92292035932849,-0.529640006459654
"Simple_Firewall",2.06214752843806,-0.465044099292439
"Simplex",1.91438562245064,-7.58252873914789
"Simplicial_complexes_and_boolean_functions",1.90575580296287,-1.39591798345327
"SimplifiedOntologicalArgument",1.66704952650057,0.668425029347636
"Skew_Heap",1.38372386916306,-0.249219080981037
"Skip_Lists",2.20243044366884,-2.97177761824138
"Slicing",2.2687945273342,0.00473774917027026
"Sliding_Window_Algorithm",1.75348333458183,-0.178366980286563
"Smith_Normal_Form",2.81792772289995,-0.257249851795469
"Smooth_Manifolds",1.74357096736227,-0.252322178258522
"Sort_Encodings",1.82893805677374,-2.28687859307052
"Source_Coding_Theorem",1.81889441878267,-0.256716243314585
"SPARCv8",1.46222898879915,-4.09976239264154
"Special_Function_Bounds",3.21916918795151,-0.378889488203717
"Splay_Tree",2.32418615459091,-2.44960733181441
"Sqrt_Babylonian",2.62932179232435,0.00299747114589199
"Stable_Matching",1.72420057832151,-1.96216433505043
"Statecharts",1.64127662362811,-2.43905730157159
"Stateful_Protocol_Composition_and_Typing",1.36836458832424,-119.831459980575
"Stellar_Quorums",3.4636026833499,-Inf
"Stern_Brocot",1.84082683629872,-4.93702448646507
"Stirling_Formula",2.5825640142585,-0.506505720428646
"Stochastic_Matrices",1.74750252587858,-0.897227680643534
"Stone_Algebras",1.61571674030314,-1.68978399852577
"Stone_Kleene_Relation_Algebras",1.53014351936973,0.588001306280975
"Stone_Relation_Algebras",1.5306817645064,-1.94819462936708
"Store_Buffer_Reduction",1.75361247780477,-9.54299249412491
"Stream_Fusion_Code",1.78688239848084,-0.552545104071565
"Stream-Fusion",2.75118167307264,-0.00782795184664442
"Strong_Security",1.55178098681977,-1.03279612007095
"Sturm_Sequences",1.93056845908323,-2.34438643646546
"Sturm_Tarski",1.6544469739147,-8.15591931572328
"Stuttering_Equivalence",1.64922345402516,-6.45177216060016
"Subresultants",2.55363761293634,-1.08172837949202
"Subset_Boolean_Algebras",1.55455671690125,-6.42883598567603
"SuperCalc",2.01442856557765,-0.305707587511344
"Surprise_Paradox",2.8923011904323,-Inf
"Symmetric_Polynomials",2.51412145893861,-0.0224783586683457
"Syntax_Independent_Logic",1.85982500052662,-1.17239143167485
"Szemeredi_Regularity",1.72085126795066,-1.66577003702673
"Szpilrajn",1.78924156569631,-0.767206174937101
"Tail_Recursive_Functions",1.93830404946832,-0.126173919189013
"Tarskis_Geometry",2.13021382122155,-0.370994254084881
"Taylor_Models",1.44975759152868,-7.15805374421963
"TESL_Language",1.46802747806161,-3.72918025871228
"Three_Circles",2.96870917723017,-0.0293380428342758
"Timed_Automata",1.71879960664006,-7.82147964516718
"TLA",1.67691730109601,-2.12711080390967
"Topological_Semantics",1.74061054069692,-1.30154526249698
"Topology",2.30156751453454,-0.033024573170108
"TortoiseHare",1.84061802663142,-1.99922970677851
"Transformer_Semantics",1.6500533328973,-2.39275548302906
"Transition_Systems_and_Automata",2.99465773857518,-1.59790179659227
"Transitive-Closure",2.01154514594867,-3.37435621104757
"Transitive-Closure-II",3.32603385571463,-0.00571661969687587
"Treaps",1.92538248009264,-1.15570432143323
"Tree_Decomposition",1.77247672066597,-0.472777662336379
"Tree-Automata",2.02719234980803,-0.266246512952461
"Triangle",1.68770755010034,-1.13291385604659
"Trie",1.84228931964654,0.00668620345000948
"Twelvefold_Way",2.4177232100725,-1.36014615885491
"Tycon",1.80131165292091,-2.24203831758628
"Types_Tableaus_and_Goedels_God",1.76676827759774,-1.89210654402126
"Types_To_Sets_Extension",1.78337160144897,-2.80753313558142
"Universal_Turing_Machine",2.20978663029621,-0.235572287867741
"UpDown_Scheme",2.29770800219925,-0.304083341698173
"UPF",1.39568967623099,-11.3409173987747
"UPF_Firewall",1.59570549005614,-31.4333341102775
"UTP",1.64911815732896,-1.75172690048009
"Valuation",2.56629268842688,-0.0389387641828542
"Van_der_Waerden",3.76678827756384,-Inf
"Van_Emde_Boas_Trees",2.04142595462372,-0.14944714469686
"VectorSpace",2.20360817077557,-1.18673182501051
"VeriComp",1.44042832466716,-10.2248125767887
"Verified_SAT_Based_AI_Planning",2.03500447037407,-1.97972638302482
"Verified-Prover",1.59855642496938,-1.02006901472776
"VerifyThis2018",1.67175175805817,-35.6671506351768
"VerifyThis2019",2.35097261697975,-2.44663932332643
"Vickrey_Clarke_Groves",1.94062693829694,-1.37026998163028
"Virtual_Substitution",1.61602800149323,-0.322129389169611
"VolpanoSmith",1.59841044579925,-5.4077424823881
"WebAssembly",1.42876511351485,-26.8617835336394
"Weight_Balanced_Trees",2.50222232428864,0.00204779325429794
"Weighted_Path_Order",2.33062643484624,-2.16548341369587
"Well_Quasi_Orders",1.42302324238258,-34.8323977247539
"WHATandWHERE_Security",1.59503519689659,-0.216036964735964
"Winding_Number_Eval",4.84151206436379,-0.00469827125774169
"WOOT_Strong_Eventual_Consistency",1.68306692571868,-8.73412451919324
"Word_Lib",1.91562161361503,-15.9498310258606
"WorkerWrapper",1.81606255561284,-3.28221121788015
"X86_Semantics",2.61072884045346,0.0210637477749804
"XML",2.35171684938668,-Inf
"Zeta_3_Irrational",2.02303262427382,-3.11710773536572
"Zeta_Function",2.2570094112057,-0.189688157369617
"ZFC_in_HOL",2.2491134330929,-0.453995672368494
