k_in,n
0.0,1407186
1.0,224055
2.0,137539
3.0,102334
4.0,45003
5.0,29602
6.0,26365
7.0,29491
8.0,21171
9.0,24903
10.0,23437
11.0,17821
12.0,15479
13.0,12726
14.0,11003
15.0,9115
16.0,8723
17.0,6197
18.0,6367
19.0,4890
20.0,5561
21.0,4120
22.0,3868
23.0,4149
24.0,4003
25.0,4154
26.0,3664
27.0,3557
28.0,2998
29.0,2943
30.0,2598
31.0,2272
32.0,2394
33.0,2380
34.0,1946
35.0,2146
36.0,1723
37.0,4551
38.0,1709
39.0,1886
40.0,1894
41.0,1879
42.0,1834
43.0,1710
44.0,1685
45.0,1337
46.0,1562
47.0,1421
48.0,1583
49.0,1163
50.0,1252
51.0,1376
52.0,1065
53.0,1337
54.0,1057
55.0,1193
56.0,1222
57.0,998
58.0,1011
59.0,1029
60.0,937
61.0,892
62.0,987
63.0,1013
64.0,833
65.0,1076
66.0,1221
67.0,1061
68.0,607
69.0,659
70.0,653
71.0,751
72.0,590
73.0,744
74.0,894
75.0,605
76.0,646
77.0,475
78.0,600
79.0,483
80.0,477
81.0,548
82.0,1234
83.0,508
84.0,591
85.0,1464
86.0,783
87.0,694
88.0,675
89.0,1133
90.0,684
91.0,699
92.0,577
93.0,587
94.0,661
95.0,898
96.0,828
97.0,409
98.0,433
99.0,377
100.0,440
101.0,454
102.0,370
103.0,389
104.0,408
105.0,424
106.0,395
107.0,341
108.0,343
109.0,363
110.0,396
111.0,392
112.0,337
113.0,372
114.0,361
115.0,329
116.0,338
117.0,369
118.0,330
119.0,349
120.0,347
121.0,361
122.0,356
123.0,351
124.0,454
125.0,354
126.0,263
127.0,384
128.0,320
129.0,341
130.0,306
131.0,285
132.0,241
133.0,310
134.0,275
135.0,244
136.0,211
137.0,250
138.0,260
139.0,345
140.0,294
141.0,219
142.0,210
143.0,188
144.0,295
145.0,227
146.0,211
147.0,219
148.0,282
149.0,320
150.0,229
151.0,245
152.0,206
153.0,165
154.0,216
155.0,294
156.0,210
157.0,848
158.0,325
159.0,166
160.0,199
161.0,145
162.0,181
163.0,169
164.0,190
165.0,143
166.0,188
167.0,151
168.0,231
169.0,277
170.0,174
171.0,183
172.0,175
173.0,146
174.0,179
175.0,186
176.0,171
177.0,134
178.0,214
179.0,180
180.0,154
181.0,140
182.0,137
183.0,146
184.0,177
185.0,141
186.0,169
187.0,126
188.0,162
189.0,158
190.0,155
191.0,194
192.0,138
193.0,133
194.0,153
195.0,96
196.0,127
197.0,222
198.0,129
199.0,152
200.0,113
201.0,117
202.0,122
203.0,95
204.0,106
205.0,173
206.0,89
207.0,207
208.0,200
209.0,129
210.0,158
211.0,127
212.0,126
213.0,115
214.0,140
215.0,111
216.0,171
217.0,157
218.0,168
219.0,162
220.0,114
221.0,118
222.0,129
223.0,126
224.0,116
225.0,168
226.0,136
227.0,120
228.0,108
229.0,159
230.0,99
231.0,119
232.0,101
233.0,85
234.0,82
235.0,100
236.0,82
237.0,145
238.0,137
239.0,114
240.0,97
241.0,88
242.0,53
243.0,75
244.0,97
245.0,65
246.0,131
247.0,115
248.0,185
249.0,218
250.0,240
251.0,96
252.0,148
253.0,89
254.0,89
255.0,76
256.0,83
257.0,79
258.0,74
259.0,83
260.0,74
261.0,240
262.0,113
263.0,82
264.0,126
265.0,74
266.0,76
267.0,76
268.0,135
269.0,175
270.0,131
271.0,88
272.0,93
273.0,96
274.0,50
275.0,53
276.0,57
277.0,77
278.0,68
279.0,60
280.0,56
281.0,51
282.0,42
283.0,37
284.0,70
285.0,44
286.0,72
287.0,60
288.0,64
289.0,91
290.0,42
291.0,45
292.0,62
293.0,61
294.0,61
295.0,51
296.0,54
297.0,47
298.0,70
299.0,49
300.0,97
301.0,48
302.0,43
303.0,38
304.0,155
305.0,46
306.0,65
307.0,57
308.0,56
309.0,66
310.0,52
311.0,43
312.0,67
313.0,183
314.0,49
315.0,117
316.0,63
317.0,49
318.0,55
319.0,63
320.0,74
321.0,135
322.0,43
323.0,66
324.0,55
325.0,50
326.0,52
327.0,46
328.0,42
329.0,95
330.0,74
331.0,54
332.0,48
333.0,40
334.0,32
335.0,76
336.0,34
337.0,36
338.0,49
339.0,130
340.0,76
341.0,33
342.0,44
343.0,56
344.0,52
345.0,47
346.0,76
347.0,156
348.0,38
349.0,123
350.0,37
351.0,49
352.0,57
353.0,40
354.0,49
355.0,66
356.0,28
357.0,37
358.0,43
359.0,42
360.0,45
361.0,37
362.0,38
363.0,177
364.0,56
365.0,38
366.0,44
367.0,58
368.0,47
369.0,40
370.0,52
371.0,49
372.0,40
373.0,38
374.0,42
375.0,72
376.0,46
377.0,40
378.0,36
379.0,37
380.0,32
381.0,44
382.0,44
383.0,49
384.0,56
385.0,33
386.0,31
387.0,34
388.0,25
389.0,28
390.0,58
391.0,89
392.0,35
393.0,61
394.0,56
395.0,41
396.0,30
397.0,26
398.0,22
399.0,34
400.0,39
401.0,29
402.0,29
403.0,56
404.0,39
405.0,42
406.0,123
407.0,21
408.0,33
409.0,69
410.0,31
411.0,23
412.0,33
413.0,24
414.0,25
415.0,23
416.0,26
417.0,28
418.0,22
419.0,16
420.0,34
421.0,41
422.0,26
423.0,36
424.0,20
425.0,36
426.0,26
427.0,47
428.0,20
429.0,34
430.0,36
431.0,27
432.0,30
433.0,34
434.0,26
435.0,28
436.0,37
437.0,26
438.0,51
439.0,67
440.0,20
441.0,24
442.0,28
443.0,21
444.0,21
445.0,194
446.0,20
447.0,35
448.0,44
449.0,32
450.0,29
451.0,22
452.0,34
453.0,23
454.0,59
455.0,48
456.0,33
457.0,29
458.0,21
459.0,27
460.0,32
461.0,29
462.0,24
463.0,27
464.0,35
465.0,41
466.0,35
467.0,29
468.0,22
469.0,22
470.0,63
471.0,29
472.0,28
473.0,19
474.0,26
475.0,29
476.0,30
477.0,27
478.0,24
479.0,103
480.0,34
481.0,21
482.0,34
483.0,45
484.0,36
485.0,40
486.0,36
487.0,52
488.0,28
489.0,35
490.0,22
491.0,33
492.0,16
493.0,22
494.0,13
495.0,55
496.0,23
497.0,30
498.0,20
499.0,15
500.0,26
501.0,17
502.0,22
503.0,22
504.0,24
505.0,12
506.0,15
507.0,18
508.0,12
509.0,33
510.0,24
511.0,27
512.0,24
513.0,40
514.0,22
515.0,22
516.0,46
517.0,20
518.0,20
519.0,25
520.0,15
521.0,18
522.0,43
523.0,27
524.0,22
525.0,39
526.0,26
527.0,22
528.0,14
529.0,201
530.0,412
531.0,394
532.0,41
533.0,32
534.0,16
535.0,31
536.0,25
537.0,22
538.0,27
539.0,25
540.0,32
541.0,32
542.0,29
543.0,24
544.0,32
545.0,27
546.0,17
547.0,26
548.0,101
549.0,18
550.0,19
551.0,23
552.0,19
553.0,31
554.0,20
555.0,28
556.0,42
557.0,24
558.0,37
559.0,18
560.0,17
561.0,72
562.0,18
563.0,40
564.0,11
565.0,22
566.0,14
567.0,18
568.0,17
569.0,25
570.0,46
571.0,28
572.0,45
573.0,26
574.0,42
575.0,28
576.0,18
577.0,11
578.0,13
579.0,11
580.0,18
581.0,41
582.0,17
583.0,23
584.0,26
585.0,27
586.0,21
587.0,18
588.0,13
589.0,19
590.0,13
591.0,13
592.0,12
593.0,31
594.0,10
595.0,9
596.0,16
597.0,16
598.0,33
599.0,18
600.0,11
601.0,8
602.0,15
603.0,17
604.0,31
605.0,13
606.0,8
607.0,33
608.0,17
609.0,14
610.0,23
611.0,9
612.0,16
613.0,25
614.0,11
615.0,14
616.0,31
617.0,20
618.0,23
619.0,13
620.0,23
621.0,16
622.0,12
623.0,9
624.0,58
625.0,30
626.0,16
627.0,11
628.0,16
629.0,38
630.0,14
631.0,33
632.0,11
633.0,22
634.0,23
635.0,17
636.0,40
637.0,31
638.0,5
639.0,14
640.0,12
641.0,18
642.0,12
643.0,9
644.0,10
645.0,14
646.0,18
647.0,6
648.0,17
649.0,6
650.0,13
651.0,13
652.0,27
653.0,8
654.0,7
655.0,17
656.0,20
657.0,11
658.0,13
659.0,11
660.0,14
661.0,24
662.0,20
663.0,17
664.0,16
665.0,10
666.0,10
667.0,12
668.0,12
669.0,9
670.0,9
671.0,3
672.0,11
673.0,6
674.0,10
675.0,11
676.0,19
677.0,13
678.0,14
679.0,14
680.0,7
681.0,10
682.0,7
683.0,6
684.0,19
685.0,12
686.0,12
687.0,6
688.0,11
689.0,12
690.0,13
691.0,11
692.0,8
693.0,18
694.0,9
695.0,10
696.0,15
697.0,17
698.0,12
699.0,20
700.0,22
701.0,12
702.0,7
703.0,3
704.0,9
705.0,10
706.0,10
707.0,30
708.0,7
709.0,10
710.0,10
711.0,8
712.0,7
713.0,13
714.0,9
715.0,6
716.0,16
717.0,10
718.0,10
719.0,13
720.0,17
721.0,7
722.0,9
723.0,8
724.0,17
725.0,11
726.0,16
727.0,3
728.0,5
729.0,11
730.0,15
731.0,11
732.0,5
733.0,11
734.0,13
735.0,7
736.0,8
737.0,15
738.0,11
739.0,8
740.0,12
741.0,6
742.0,12
743.0,19
744.0,8
745.0,6
746.0,5
747.0,18
748.0,23
749.0,16
750.0,9
751.0,7
752.0,31
753.0,4
754.0,15
755.0,10
756.0,7
757.0,28
758.0,15
759.0,9
760.0,5
761.0,13
762.0,16
763.0,4
764.0,5
765.0,10
766.0,8
767.0,11
768.0,12
769.0,6
770.0,21
771.0,18
772.0,16
773.0,13
774.0,10
775.0,22
776.0,6
777.0,18
778.0,22
779.0,27
780.0,6
781.0,10
782.0,17
783.0,9
784.0,9
785.0,14
786.0,7
787.0,9
788.0,8
789.0,14
790.0,7
791.0,13
792.0,6
793.0,29
794.0,20
795.0,12
796.0,10
797.0,9
798.0,13
799.0,12
800.0,9
801.0,14
802.0,18
803.0,19
804.0,14
805.0,9
806.0,14
807.0,12
808.0,5
809.0,15
810.0,19
811.0,12
812.0,7
813.0,6
814.0,10
815.0,15
816.0,65
817.0,11
818.0,15
819.0,7
820.0,5
821.0,19
822.0,6
823.0,15
824.0,16
825.0,22
826.0,8
827.0,6
828.0,9
829.0,9
830.0,7
831.0,11
832.0,10
833.0,11
834.0,5
835.0,6
836.0,10
837.0,8
838.0,6
839.0,9
840.0,9
841.0,8
842.0,6
843.0,11
844.0,2
845.0,9
846.0,15
847.0,7
848.0,4
849.0,4
850.0,3
851.0,6
852.0,7
853.0,67
854.0,17
855.0,10
856.0,29
857.0,3
858.0,16
859.0,11
860.0,6
861.0,7
862.0,7
863.0,2
864.0,10
865.0,4
866.0,5
867.0,8
868.0,2
869.0,8
870.0,2
871.0,15
872.0,3
873.0,5
874.0,10
875.0,3
876.0,12
877.0,7
878.0,9
879.0,4
880.0,3
881.0,1
882.0,9
883.0,6
884.0,4
885.0,2
886.0,7
887.0,1
888.0,6
889.0,3
890.0,5
891.0,9
892.0,2
893.0,6
894.0,7
895.0,4
896.0,2
897.0,16
898.0,5
899.0,6
900.0,11
901.0,1
902.0,19
903.0,13
904.0,3
905.0,7
906.0,3
907.0,3
908.0,13
909.0,12
910.0,11
911.0,10
912.0,21
913.0,6
914.0,15
915.0,2
916.0,5
917.0,9
918.0,11
919.0,10
920.0,3
921.0,6
922.0,6
923.0,5
924.0,7
925.0,8
926.0,6
927.0,5
928.0,3
929.0,26
930.0,4
931.0,16
932.0,7
933.0,4
934.0,5
935.0,7
936.0,7
937.0,3
938.0,5
939.0,8
940.0,3
941.0,7
942.0,6
943.0,8
944.0,4
945.0,2
947.0,8
948.0,6
949.0,2
950.0,5
951.0,6
952.0,32
953.0,19
954.0,3
955.0,4
956.0,2
957.0,4
958.0,20
959.0,4
960.0,7
961.0,14
962.0,5
963.0,9
964.0,10
965.0,2
966.0,7
967.0,3
968.0,1
969.0,8
970.0,14
971.0,14
972.0,8
973.0,5
974.0,7
975.0,6
976.0,5
977.0,9
978.0,4
979.0,10
980.0,13
981.0,94
982.0,7
983.0,6
984.0,7
985.0,9
986.0,18
987.0,8
988.0,8
989.0,11
990.0,13
991.0,10
992.0,5
993.0,3
994.0,5
995.0,30
996.0,9
997.0,3
998.0,5
999.0,6
1000.0,14
1001.0,11
1002.0,4
1003.0,9
1004.0,4
1005.0,6
1006.0,7
1007.0,7
1008.0,12
1009.0,7
1010.0,18
1011.0,5
1012.0,4
1013.0,6
1014.0,6
1015.0,20
1016.0,20
1017.0,26
1018.0,21
1019.0,3
1020.0,9
1021.0,3
1022.0,4
1024.0,5
1025.0,8
1026.0,3
1027.0,10
1028.0,6
1029.0,5
1030.0,8
1031.0,18
1032.0,10
1033.0,26
1034.0,16
1035.0,8
1036.0,6
1037.0,13
1038.0,4
1039.0,7
1040.0,5
1041.0,9
1042.0,12
1043.0,30
1044.0,11
1045.0,10
1046.0,7
1047.0,12
1048.0,10
1049.0,2
1050.0,4
1051.0,4
1052.0,5
1053.0,3
1054.0,3
1055.0,3
1056.0,1
1057.0,4
1058.0,5
1059.0,6
1060.0,3
1061.0,5
1062.0,13
1063.0,4
1064.0,3
1065.0,3
1066.0,2
1067.0,26
1068.0,3
1069.0,11
1070.0,3
1071.0,6
1072.0,5
1073.0,3
1074.0,3
1075.0,32
1076.0,103
1077.0,17
1078.0,6
1079.0,5
1080.0,6
1081.0,5
1082.0,16
1083.0,7
1084.0,36
1085.0,5
1086.0,8
1087.0,16
1088.0,2
1089.0,5
1090.0,7
1091.0,4
1092.0,6
1093.0,2
1094.0,5
1095.0,7
1096.0,4
1097.0,8
1098.0,5
1099.0,4
1100.0,4
1101.0,10
1102.0,12
1104.0,5
1105.0,5
1106.0,4
1107.0,8
1108.0,11
1109.0,7
1110.0,5
1111.0,5
1112.0,8
1113.0,10
1114.0,9
1115.0,5
1116.0,9
1117.0,12
1118.0,5
1119.0,7
1120.0,4
1121.0,1
1122.0,9
1123.0,2
1124.0,42
1125.0,2
1126.0,1
1127.0,3
1128.0,9
1129.0,5
1130.0,6
1131.0,2
1132.0,3
1133.0,21
1134.0,8
1135.0,4
1136.0,9
1137.0,6
1138.0,8
1139.0,6
1140.0,3
1141.0,3
1142.0,4
1143.0,4
1144.0,5
1145.0,1
1146.0,4
1147.0,4
1148.0,2
1149.0,7
1150.0,6
1151.0,3
1152.0,6
1153.0,11
1154.0,6
1155.0,10
1156.0,4
1157.0,5
1158.0,5
1159.0,8
1160.0,11
1161.0,10
1162.0,18
1163.0,9
1164.0,11
1165.0,3
1166.0,4
1167.0,3
1168.0,3
1169.0,3
1170.0,29
1171.0,6
1172.0,4
1173.0,9
1174.0,2
1175.0,2
1176.0,1
1177.0,3
1178.0,3
1179.0,3
1180.0,3
1181.0,2
1182.0,2
1183.0,5
1184.0,12
1185.0,4
1186.0,5
1187.0,9
1188.0,10
1189.0,5
1190.0,9
1191.0,9
1192.0,4
1193.0,7
1194.0,10
1195.0,2
1196.0,16
1197.0,6
1198.0,6
1199.0,6
1200.0,5
1201.0,6
1202.0,8
1203.0,1
1204.0,5
1205.0,3
1206.0,3
1208.0,3
1209.0,1
1210.0,1
1211.0,7
1212.0,4
1213.0,6
1214.0,5
1216.0,5
1217.0,5
1218.0,2
1219.0,4
1220.0,1
1221.0,6
1222.0,3
1223.0,2
1225.0,2
1226.0,2
1227.0,4
1228.0,3
1229.0,1
1230.0,1
1231.0,2
1232.0,2
1233.0,3
1234.0,1
1235.0,2
1236.0,4
1237.0,4
1238.0,4
1239.0,3
1241.0,4
1242.0,4
1243.0,2
1244.0,3
1245.0,1
1247.0,5
1248.0,5
1249.0,4
1250.0,1
1251.0,2
1252.0,2
1254.0,2
1255.0,2
1256.0,4
1257.0,2
1258.0,1
1259.0,5
1260.0,6
1261.0,1
1262.0,3
1263.0,1
1264.0,14
1266.0,3
1267.0,7
1268.0,2
1269.0,4
1270.0,1
1271.0,4
1272.0,2
1273.0,1
1274.0,6
1275.0,5
1276.0,1
1277.0,3
1278.0,3
1279.0,3
1280.0,6
1281.0,2
1282.0,5
1283.0,3
1285.0,2
1286.0,2
1287.0,4
1288.0,3
1289.0,3
1290.0,16
1291.0,6
1292.0,2
1293.0,4
1294.0,4
1295.0,2
1297.0,3
1298.0,4
1300.0,2
1301.0,1
1302.0,2
1303.0,3
1304.0,1
1305.0,4
1306.0,1
1308.0,1
1309.0,2
1310.0,2
1311.0,3
1312.0,5
1313.0,2
1314.0,2
1315.0,2
1316.0,2
1317.0,2
1318.0,3
1319.0,2
1320.0,2
1321.0,1
1322.0,3
1323.0,4
1324.0,2
1325.0,1
1326.0,5
1327.0,6
1328.0,3
1331.0,1
1332.0,1
1335.0,2
1336.0,2
1337.0,5
1338.0,6
1339.0,3
1340.0,1
1341.0,5
1342.0,2
1343.0,1
1344.0,2
1345.0,3
1346.0,2
1347.0,4
1348.0,3
1349.0,2
1350.0,2
1351.0,6
1352.0,1
1353.0,4
1354.0,9
1355.0,7
1356.0,4
1357.0,3
1358.0,1
1359.0,3
1360.0,3
1362.0,3
1363.0,5
1364.0,1
1365.0,4
1366.0,2
1367.0,4
1368.0,2
1369.0,1
1370.0,2
1372.0,4
1374.0,5
1375.0,3
1376.0,2
1377.0,3
1378.0,6
1380.0,7
1381.0,4
1382.0,7
1383.0,5
1384.0,3
1385.0,5
1386.0,2
1387.0,2
1388.0,2
1389.0,2
1392.0,1
1394.0,4
1395.0,3
1396.0,4
1398.0,8
1399.0,8
1400.0,6
1401.0,3
1402.0,2
1403.0,2
1404.0,1
1405.0,1
1406.0,3
1407.0,3
1408.0,1
1409.0,2
1410.0,9
1412.0,4
1413.0,3
1414.0,13
1415.0,4
1416.0,3
1417.0,10
1418.0,1
1419.0,6
1421.0,2
1422.0,1
1423.0,2
1424.0,7
1425.0,4
1426.0,2
1427.0,2
1428.0,3
1429.0,8
1430.0,3
1431.0,4
1432.0,6
1433.0,6
1434.0,2
1435.0,1
1436.0,3
1438.0,6
1439.0,4
1440.0,2
1441.0,3
1442.0,3
1443.0,2
1444.0,3
1445.0,2
1446.0,6
1447.0,8
1448.0,3
1449.0,5
1450.0,2
1451.0,3
1452.0,2
1453.0,1
1454.0,1
1455.0,1
1456.0,2
1458.0,1
1459.0,3
1460.0,4
1461.0,1
1463.0,1
1464.0,6
1465.0,4
1466.0,2
1467.0,3
1468.0,1
1469.0,7
1470.0,3
1471.0,1
1473.0,2
1474.0,2
1475.0,5
1476.0,11
1477.0,4
1478.0,2
1479.0,3
1480.0,2
1481.0,2
1482.0,5
1483.0,9
1484.0,14
1485.0,4
1486.0,6
1487.0,2
1489.0,1
1490.0,2
1491.0,2
1492.0,4
1493.0,2
1494.0,4
1495.0,5
1496.0,3
1497.0,1
1498.0,3
1499.0,8
1500.0,6
1501.0,1
1503.0,3
1504.0,3
1505.0,1
1506.0,3
1507.0,3
1508.0,2
1509.0,3
1510.0,1
1511.0,2
1512.0,1
1513.0,2
1514.0,5
1515.0,1
1516.0,7
1517.0,4
1518.0,4
1519.0,1
1520.0,1
1521.0,1
1522.0,2
1523.0,1
1524.0,1
1526.0,4
1527.0,4
1528.0,5
1529.0,3
1531.0,1
1532.0,1
1533.0,138
1534.0,5
1535.0,15
1536.0,7
1537.0,9
1538.0,7
1539.0,181
1540.0,7
1541.0,161
1542.0,7
1543.0,6
1544.0,7
1545.0,2
1546.0,4
1547.0,3
1548.0,5
1549.0,10
1550.0,4
1551.0,4
1552.0,13
1554.0,7
1555.0,25
1556.0,2
1557.0,4
1558.0,4
1559.0,2
1560.0,5
1562.0,7
1563.0,5
1564.0,5
1565.0,7
1566.0,7
1568.0,1
1569.0,1
1570.0,3
1571.0,2
1572.0,2
1573.0,2
1574.0,1
1575.0,2
1576.0,1
1577.0,1
1578.0,1
1579.0,8
1580.0,5
1581.0,5
1582.0,1
1583.0,4
1584.0,2
1585.0,2
1586.0,1
1587.0,5
1588.0,3
1589.0,1
1590.0,5
1591.0,3
1592.0,7
1593.0,2
1594.0,1
1595.0,2
1596.0,3
1597.0,2
1598.0,7
1599.0,3
1600.0,4
1601.0,3
1602.0,2
1603.0,3
1604.0,2
1605.0,3
1606.0,5
1607.0,2
1608.0,4
1609.0,1
1610.0,3
1611.0,1
1612.0,3
1613.0,7
1614.0,5
1615.0,3
1616.0,3
1617.0,2
1618.0,4
1619.0,4
1620.0,1
1621.0,1
1622.0,2
1625.0,1
1627.0,3
1629.0,1
1630.0,4
1631.0,4
1632.0,2
1633.0,1
1634.0,1
1635.0,2
1636.0,2
1637.0,1
1638.0,6
1639.0,3
1640.0,4
1641.0,1
1642.0,5
1643.0,1
1644.0,2
1646.0,2
1647.0,1
1648.0,2
1649.0,5
1650.0,7
1651.0,2
1653.0,1
1654.0,3
1655.0,2
1656.0,2
1657.0,4
1658.0,1
1659.0,5
1660.0,11
1661.0,1
1663.0,1
1664.0,2
1665.0,2
1666.0,2
1667.0,1
1668.0,4
1670.0,4
1671.0,1
1673.0,4
1674.0,2
1675.0,3
1677.0,1
1678.0,1
1679.0,5
1680.0,1
1681.0,7
1682.0,1
1684.0,2
1685.0,3
1686.0,2
1687.0,2
1688.0,1
1689.0,3
1690.0,5
1691.0,5
1694.0,2
1695.0,5
1696.0,1
1697.0,4
1698.0,1
1699.0,1
1700.0,2
1701.0,2
1702.0,1
1703.0,2
1705.0,7
1706.0,2
1707.0,5
1708.0,4
1710.0,2
1711.0,2
1712.0,1
1713.0,3
1714.0,5
1715.0,3
1716.0,18
1717.0,2
1718.0,1
1719.0,2
1720.0,2
1721.0,2
1722.0,2
1724.0,3
1725.0,2
1726.0,1
1727.0,1
1728.0,3
1729.0,3
1730.0,5
1731.0,2
1732.0,3
1733.0,5
1734.0,6
1735.0,4
1736.0,1
1737.0,4
1738.0,3
1740.0,2
1741.0,1
1742.0,1
1743.0,1
1744.0,1
1745.0,4
1748.0,3
1749.0,1
1750.0,2
1751.0,2
1752.0,5
1753.0,6
1754.0,11
1755.0,1
1757.0,3
1758.0,2
1759.0,3
1760.0,2
1761.0,8
1762.0,13
1763.0,5
1764.0,3
1765.0,1
1766.0,2
1767.0,2
1768.0,2
1769.0,3
1770.0,7
1771.0,1
1772.0,3
1773.0,5
1776.0,3
1777.0,2
1779.0,17
1780.0,1
1781.0,2
1782.0,4
1784.0,1
1785.0,1
1787.0,3
1788.0,3
1789.0,2
1790.0,1
1791.0,3
1792.0,5
1793.0,4
1795.0,1
1796.0,3
1797.0,18
1798.0,2
1799.0,1
1800.0,1
1801.0,2
1802.0,2
1803.0,2
1804.0,1
1805.0,3
1807.0,1
1808.0,4
1809.0,5
1810.0,2
1811.0,1
1812.0,2
1813.0,2
1814.0,1
1815.0,4
1816.0,5
1817.0,2
1819.0,3
1820.0,2
1821.0,4
1822.0,6
1823.0,2
1825.0,10
1827.0,3
1829.0,3
1830.0,2
1831.0,5
1833.0,8
1835.0,2
1837.0,1
1839.0,3
1840.0,2
1842.0,4
1843.0,2
1844.0,1
1845.0,3
1847.0,3
1848.0,2
1849.0,2
1850.0,2
1851.0,4
1852.0,1
1854.0,1
1855.0,3
1856.0,1
1857.0,3
1858.0,1
1859.0,2
1860.0,1
1862.0,1
1863.0,1
1864.0,2
1865.0,1
1866.0,1
1868.0,1
1871.0,2
1872.0,2
1874.0,4
1875.0,4
1876.0,3
1877.0,3
1878.0,10
1879.0,2
1881.0,3
1884.0,2
1885.0,1
1886.0,2
1887.0,1
1888.0,1
1889.0,3
1890.0,1
1891.0,1
1892.0,2
1893.0,3
1894.0,2
1895.0,1
1898.0,4
1899.0,1
1900.0,2
1901.0,1
1902.0,2
1903.0,1
1904.0,2
1906.0,2
1907.0,1
1908.0,7
1909.0,1
1910.0,1
1911.0,2
1912.0,4
1913.0,3
1914.0,4
1916.0,3
1917.0,5
1918.0,2
1920.0,1
1922.0,2
1923.0,4
1924.0,17
1925.0,2
1927.0,2
1928.0,4
1931.0,1
1932.0,1
1933.0,1
1934.0,1
1935.0,1
1936.0,2
1937.0,2
1938.0,7
1939.0,2
1940.0,2
1942.0,1
1944.0,1
1945.0,2
1946.0,2
1947.0,4
1949.0,2
1950.0,2
1951.0,2
1952.0,13
1953.0,1
1955.0,3
1956.0,2
1957.0,17
1958.0,4
1959.0,31
1960.0,3
1961.0,14
1962.0,2
1963.0,3
1964.0,1
1965.0,14
1966.0,2
1967.0,4
1968.0,1
1969.0,2
1970.0,2
1971.0,3
1975.0,1
1976.0,2
1977.0,2
1979.0,2
1982.0,2
1983.0,1
1984.0,2
1985.0,1
1986.0,4
1987.0,1
1988.0,4
1989.0,2
1990.0,1
1991.0,6
1992.0,3
1993.0,1
1994.0,2
1995.0,5
1996.0,3
1998.0,1
1999.0,1
2000.0,1
2003.0,2
2004.0,2
2005.0,1
2006.0,2
2007.0,3
2008.0,74
2010.0,3
2011.0,2
2012.0,2
2013.0,2
2016.0,1
2017.0,4
2018.0,3
2019.0,1
2020.0,1
2021.0,1
2022.0,2
2024.0,1
2026.0,1
2027.0,2
2028.0,1
2029.0,1
2030.0,4
2031.0,2
2032.0,4
2033.0,1
2034.0,2
2035.0,4
2036.0,3
2037.0,1
2038.0,4
2039.0,2
2040.0,1
2041.0,4
2042.0,1
2043.0,2
2046.0,1
2048.0,1
2049.0,1
2050.0,1
2051.0,1
2053.0,1
2054.0,3
2055.0,2
2056.0,3
2059.0,2
2062.0,2
2063.0,8
2064.0,7
2065.0,3
2066.0,1
2067.0,2
2068.0,1
2069.0,2
2070.0,1
2072.0,2
2073.0,1
2074.0,2
2075.0,1
2077.0,4
2078.0,1
2079.0,1
2080.0,1
2081.0,2
2082.0,2
2084.0,4
2085.0,1
2086.0,1
2087.0,5
2088.0,5
2089.0,3
2090.0,1
2091.0,1
2093.0,2
2094.0,1
2095.0,1
2096.0,2
2097.0,2
2098.0,1
2099.0,1
2100.0,1
2102.0,2
2103.0,4
2104.0,1
2107.0,2
2108.0,1
2110.0,2
2112.0,1
2113.0,3
2115.0,1
2116.0,2
2118.0,2
2119.0,1
2120.0,4
2121.0,2
2122.0,1
2123.0,2
2124.0,3
2125.0,6
2126.0,5
2127.0,3
2128.0,2
2129.0,1
2130.0,1
2131.0,3
2133.0,2
2134.0,1
2136.0,1
2137.0,1
2138.0,2
2139.0,2
2141.0,8
2142.0,5
2143.0,2
2144.0,2
2146.0,2
2147.0,1
2149.0,2
2150.0,2
2151.0,2
2152.0,5
2153.0,1
2155.0,9
2156.0,2
2157.0,5
2158.0,1
2159.0,3
2161.0,4
2162.0,2
2163.0,2
2164.0,1
2165.0,2
2166.0,2
2167.0,3
2169.0,1
2170.0,1
2171.0,1
2174.0,3
2175.0,1
2177.0,1
2178.0,2
2179.0,2
2181.0,1
2184.0,3
2185.0,2
2187.0,2
2188.0,1
2189.0,2
2190.0,2
2191.0,1
2192.0,1
2193.0,1
2195.0,2
2198.0,1
2199.0,1
2202.0,2
2203.0,1
2204.0,1
2205.0,1
2206.0,1
2209.0,5
2210.0,2
2211.0,2
2212.0,3
2213.0,1
2215.0,1
2216.0,3
2217.0,1
2218.0,2
2219.0,1
2220.0,3
2221.0,1
2222.0,3
2223.0,3
2224.0,6
2225.0,4
2226.0,2
2227.0,1
2228.0,1
2229.0,1
2231.0,2
2232.0,3
2233.0,2
2234.0,3
2235.0,2
2236.0,2
2237.0,1
2238.0,1
2239.0,3
2240.0,3
2241.0,1
2243.0,1
2244.0,1
2247.0,1
2248.0,1
2249.0,1
2250.0,2
2251.0,1
2252.0,1
2253.0,1
2254.0,6
2255.0,1
2257.0,4
2258.0,3
2260.0,2
2261.0,3
2262.0,1
2263.0,4
2264.0,2
2265.0,3
2267.0,1
2268.0,3
2269.0,2
2270.0,1
2271.0,2
2272.0,2
2274.0,1
2275.0,2
2276.0,1
2277.0,1
2278.0,1
2279.0,2
2280.0,3
2281.0,2
2282.0,1
2283.0,1
2284.0,1
2287.0,1
2288.0,1
2289.0,3
2290.0,3
2292.0,3
2293.0,2
2294.0,4
2295.0,1
2296.0,1
2298.0,2
2301.0,3
2302.0,1
2304.0,1
2305.0,2
2306.0,2
2307.0,1
2308.0,3
2309.0,2
2311.0,1
2313.0,3
2314.0,3
2315.0,1
2316.0,2
2317.0,3
2318.0,1
2319.0,5
2321.0,5
2322.0,3
2325.0,4
2326.0,7
2327.0,3
2328.0,3
2329.0,2
2331.0,1
2332.0,1
2333.0,1
2335.0,1
2336.0,2
2337.0,3
2340.0,2
2341.0,1
2342.0,1
2343.0,1
2344.0,1
2345.0,2
2346.0,3
2347.0,1
2348.0,2
2349.0,2
2350.0,1
2351.0,1
2352.0,1
2353.0,1
2354.0,5
2355.0,2
2356.0,1
2357.0,5
2358.0,2
2359.0,1
2360.0,1
2362.0,1
2363.0,2
2368.0,1
2371.0,1
2372.0,1
2374.0,2
2377.0,1
2378.0,1
2380.0,1
2381.0,6
2382.0,1
2385.0,2
2386.0,3
2388.0,1
2389.0,2
2393.0,1
2395.0,1
2396.0,5
2397.0,1
2399.0,1
2403.0,1
2404.0,3
2405.0,2
2408.0,1
2409.0,3
2410.0,7
2411.0,3
2413.0,1
2417.0,1
2420.0,2
2421.0,10
2425.0,1
2429.0,2
2430.0,7
2431.0,5
2432.0,4
2433.0,3
2434.0,1
2438.0,2
2440.0,3
2441.0,2
2442.0,1
2444.0,1
2445.0,2
2446.0,2
2447.0,2
2448.0,1
2449.0,1
2451.0,1
2452.0,1
2453.0,2
2454.0,3
2456.0,1
2457.0,1
2458.0,3
2459.0,1
2460.0,3
2461.0,2
2462.0,1
2463.0,2
2464.0,1
2465.0,1
2467.0,2
2469.0,4
2470.0,1
2471.0,2
2472.0,2
2473.0,1
2474.0,1
2476.0,3
2477.0,1
2478.0,1
2479.0,2
2480.0,1
2481.0,2
2483.0,2
2485.0,4
2487.0,1
2488.0,3
2489.0,4
2490.0,2
2491.0,3
2492.0,1
2493.0,1
2494.0,1
2497.0,1
2499.0,2
2502.0,1
2503.0,1
2505.0,3
2508.0,1
2509.0,3
2511.0,1
2513.0,3
2514.0,1
2516.0,3
2517.0,2
2519.0,1
2521.0,1
2523.0,1
2524.0,2
2528.0,1
2529.0,2
2530.0,1
2533.0,1
2535.0,2
2537.0,3
2539.0,1
2540.0,3
2541.0,1
2543.0,1
2544.0,1
2545.0,1
2546.0,1
2547.0,1
2548.0,1
2549.0,2
2550.0,1
2551.0,3
2552.0,1
2553.0,1
2554.0,3
2557.0,1
2558.0,1
2561.0,2
2563.0,2
2564.0,1
2566.0,3
2567.0,2
2568.0,1
2571.0,2
2572.0,1
2573.0,2
2575.0,1
2576.0,1
2577.0,2
2579.0,2
2582.0,1
2584.0,2
2585.0,3
2587.0,1
2589.0,2
2590.0,3
2592.0,1
2593.0,1
2595.0,1
2596.0,1
2597.0,2
2598.0,2
2600.0,3
2602.0,1
2603.0,1
2607.0,7
2611.0,2
2612.0,2
2614.0,2
2615.0,3
2616.0,3
2617.0,1
2620.0,1
2623.0,2
2624.0,1
2625.0,1
2628.0,1
2630.0,1
2632.0,1
2633.0,2
2635.0,1
2638.0,3
2639.0,3
2640.0,4
2642.0,3
2643.0,1
2644.0,1
2645.0,2
2648.0,1
2652.0,4
2654.0,1
2658.0,1
2659.0,2
2660.0,2
2662.0,1
2663.0,1
2664.0,1
2665.0,1
2667.0,2
2668.0,1
2669.0,3
2670.0,1
2671.0,1
2672.0,1
2673.0,1
2674.0,2
2675.0,1
2676.0,1
2677.0,1
2679.0,2
2681.0,1
2682.0,2
2684.0,3
2686.0,3
2687.0,3
2688.0,1
2689.0,2
2691.0,1
2692.0,1
2694.0,2
2696.0,3
2702.0,1
2706.0,1
2707.0,1
2708.0,2
2709.0,1
2710.0,4
2712.0,2
2713.0,2
2716.0,8
2717.0,1
2720.0,1
2724.0,1
2725.0,1
2726.0,3
2727.0,1
2728.0,1
2729.0,1
2730.0,5
2731.0,1
2732.0,4
2735.0,11
2736.0,1
2738.0,2
2739.0,2
2740.0,1
2741.0,1
2742.0,2
2746.0,1
2747.0,3
2748.0,2
2753.0,3
2754.0,1
2755.0,1
2758.0,1
2759.0,1
2760.0,2
2761.0,1
2762.0,1
2763.0,2
2766.0,2
2767.0,1
2768.0,2
2772.0,1
2774.0,2
2776.0,6
2778.0,3
2779.0,2
2780.0,2
2783.0,6
2784.0,2
2785.0,12
2786.0,1
2788.0,1
2790.0,2
2791.0,1
2792.0,1
2798.0,2
2799.0,4
2800.0,9
2801.0,3
2802.0,9
2803.0,1
2805.0,4
2806.0,1
2809.0,1
2811.0,2
2814.0,2
2817.0,9
2821.0,1
2822.0,2
2823.0,7
2825.0,1
2827.0,3
2828.0,1
2829.0,1
2830.0,1
2831.0,2
2832.0,16
2835.0,1
2836.0,1
2837.0,1
2838.0,1
2841.0,1
2846.0,2
2848.0,4
2852.0,2
2853.0,7
2855.0,1
2857.0,1
2858.0,2
2861.0,1
2862.0,1
2867.0,4
2869.0,1
2871.0,1
2872.0,3
2874.0,1
2876.0,11
2877.0,1
2878.0,2
2879.0,3
2880.0,1
2881.0,1
2882.0,4
2883.0,1
2884.0,1
2885.0,2
2888.0,2
2889.0,1
2891.0,2
2892.0,1
2893.0,1
2894.0,1
2895.0,5
2896.0,5
2897.0,5
2898.0,11
2899.0,1
2903.0,1
2907.0,5
2909.0,1
2911.0,1
2912.0,1
2913.0,2
2914.0,1
2915.0,4
2916.0,3
2917.0,1
2918.0,3
2920.0,2
2921.0,5
2922.0,10
2923.0,4
2924.0,6
2925.0,10
2926.0,5
2927.0,9
2928.0,3
2929.0,1
2930.0,1
2932.0,2
2934.0,2
2935.0,1
2936.0,3
2938.0,1
2943.0,1
2944.0,1
2946.0,1
2949.0,1
2950.0,1
2951.0,3
2952.0,3
2953.0,1
2954.0,2
2958.0,1
2959.0,1
2960.0,1
2961.0,6
2962.0,9
2963.0,2
2964.0,3
2965.0,2
2966.0,1
2968.0,1
2970.0,1
2972.0,3
2973.0,16
2975.0,1
2979.0,1
2982.0,1
2983.0,1
2985.0,4
2986.0,6
2987.0,3
2991.0,1
2992.0,2
2995.0,2
2996.0,2
2997.0,1
2998.0,3
2999.0,2
3001.0,1
3002.0,12
3003.0,1
3004.0,14
3005.0,1
3006.0,3
3008.0,1
3010.0,1
3011.0,1
3013.0,3
3015.0,1
3016.0,2
3019.0,2
3021.0,1
3023.0,3
3024.0,1
3025.0,2
3026.0,1
3028.0,1
3033.0,2
3035.0,1
3036.0,2
3037.0,2
3040.0,2
3041.0,1
3042.0,8
3045.0,46
3046.0,10
3047.0,10
3048.0,1
3049.0,2
3052.0,1
3053.0,1
3056.0,2
3057.0,1
3058.0,1
3059.0,1
3061.0,1
3064.0,1
3065.0,2
3068.0,1
3070.0,1
3071.0,3
3073.0,1
3074.0,3
3075.0,1
3079.0,1
3081.0,1
3082.0,1
3085.0,1
3087.0,3
3090.0,2
3092.0,1
3094.0,2
3096.0,1
3100.0,2
3101.0,2
3106.0,2
3107.0,2
3109.0,1
3110.0,1
3111.0,9
3114.0,1
3115.0,1
3116.0,1
3117.0,2
3118.0,3
3121.0,2
3122.0,2
3123.0,14
3124.0,5
3128.0,3
3134.0,1
3139.0,2
3143.0,1
3145.0,3
3146.0,2
3152.0,2
3153.0,4
3161.0,1
3163.0,1
3169.0,1
3175.0,1
3179.0,1
3182.0,1
3185.0,1
3186.0,1
3188.0,31
3191.0,2
3194.0,3
3195.0,1
3197.0,1
3199.0,1
3200.0,2
3203.0,1
3208.0,2
3216.0,4
3221.0,1
3223.0,2
3226.0,1
3227.0,2
3228.0,1
3229.0,1
3230.0,3
3231.0,2
3232.0,1
3234.0,2
3236.0,52
3239.0,2
3247.0,1
3251.0,1
3252.0,1
3257.0,1
3258.0,1
3261.0,2
3265.0,1
3266.0,1
3270.0,2
3272.0,1
3274.0,1
3275.0,2
3277.0,1
3278.0,1
3281.0,1
3283.0,1
3293.0,1
3302.0,1
3304.0,2
3306.0,1
3310.0,1
3311.0,4
3312.0,1
3313.0,1
3317.0,3
3318.0,2
3319.0,1
3320.0,2
3321.0,1
3322.0,1
3323.0,1
3324.0,2
3327.0,2
3328.0,1
3330.0,2
3331.0,2
3333.0,1
3334.0,1
3340.0,1
3341.0,1
3342.0,1
3345.0,3
3346.0,3
3347.0,1
3349.0,1
3352.0,1
3354.0,1
3355.0,3
3364.0,2
3366.0,2
3367.0,1
3370.0,2
3373.0,1
3377.0,2
3380.0,1
3382.0,1
3384.0,2
3389.0,1
3393.0,2
3394.0,1
3397.0,1
3398.0,2
3399.0,1
3401.0,1
3403.0,1
3411.0,1
3413.0,1
3416.0,1
3418.0,1
3421.0,1
3425.0,1
3427.0,2
3429.0,1
3430.0,1
3431.0,1
3436.0,1
3437.0,1
3438.0,1
3440.0,1
3441.0,1
3442.0,1
3446.0,1
3447.0,1
3448.0,1
3450.0,1
3451.0,1
3453.0,1
3456.0,1
3458.0,1
3461.0,1
3463.0,1
3473.0,1
3474.0,1
3476.0,1
3477.0,1
3479.0,1
3480.0,1
3482.0,1
3487.0,3
3488.0,1
3490.0,2
3494.0,1
3495.0,2
3496.0,1
3497.0,2
3500.0,1
3501.0,2
3505.0,1
3510.0,1
3511.0,1
3512.0,2
3514.0,1
3519.0,1
3521.0,1
3524.0,4
3525.0,2
3526.0,1
3528.0,1
3531.0,1
3533.0,1
3534.0,1
3537.0,2
3543.0,1
3544.0,1
3545.0,1
3546.0,2
3547.0,1
3548.0,1
3557.0,1
3562.0,1
3564.0,1
3565.0,1
3569.0,1
3571.0,1
3577.0,1
3581.0,2
3585.0,1
3588.0,1
3589.0,1
3590.0,1
3592.0,1
3595.0,1
3596.0,1
3599.0,1
3600.0,1
3603.0,1
3604.0,4
3605.0,1
3607.0,1
3608.0,1
3610.0,1
3612.0,2
3613.0,1
3617.0,2
3623.0,1
3624.0,1
3626.0,2
3627.0,2
3634.0,1
3638.0,2
3641.0,2
3646.0,2
3648.0,1
3649.0,1
3655.0,1
3656.0,1
3657.0,2
3658.0,1
3660.0,3
3661.0,1
3663.0,1
3665.0,1
3667.0,1
3668.0,2
3669.0,1
3671.0,1
3674.0,3
3675.0,1
3677.0,1
3681.0,1
3689.0,2
3690.0,2
3691.0,1
3692.0,1
3694.0,1
3699.0,1
3701.0,3
3705.0,1
3706.0,1
3714.0,1
3715.0,1
3722.0,1
3725.0,1
3726.0,1
3727.0,2
3729.0,1
3734.0,1
3736.0,1
3737.0,1
3740.0,1
3751.0,1
3752.0,1
3755.0,1
3762.0,2
3765.0,1
3775.0,1
3777.0,1
3780.0,3
3781.0,2
3782.0,1
3784.0,1
3791.0,1
3794.0,1
3795.0,1
3796.0,2
3805.0,1
3808.0,1
3815.0,1
3819.0,1
3825.0,1
3826.0,1
3829.0,1
3837.0,1
3839.0,1
3842.0,1
3843.0,2
3847.0,1
3848.0,5
3849.0,1
3850.0,1
3851.0,1
3852.0,1
3853.0,1
3861.0,1
3863.0,1
3869.0,1
3870.0,2
3871.0,1
3873.0,1
3874.0,1
3879.0,2
3881.0,1
3883.0,1
3884.0,1
3887.0,1
3892.0,1
3894.0,1
3895.0,2
3897.0,2
3900.0,1
3906.0,1
3907.0,2
3908.0,1
3913.0,1
3917.0,1
3920.0,1
3922.0,3
3928.0,1
3932.0,1
3940.0,1
3942.0,1
3946.0,1
3948.0,1
3950.0,1
3951.0,1
3953.0,1
3958.0,1
3962.0,1
3963.0,1
3967.0,1
3968.0,1
3969.0,3
3970.0,5
3971.0,2
3975.0,1
3978.0,1
3980.0,1
3981.0,1
3983.0,1
3984.0,2
3986.0,1
3987.0,1
3990.0,1
3991.0,1
3999.0,2
4001.0,1
4002.0,4
4008.0,1
4012.0,1
4013.0,1
4014.0,1
4020.0,1
4027.0,1
4043.0,2
4044.0,1
4045.0,1
4046.0,1
4047.0,1
4053.0,1
4057.0,1
4064.0,1
4065.0,1
4066.0,3
4068.0,1
4070.0,1
4074.0,1
4084.0,1
4091.0,1
4096.0,1
4100.0,1
4101.0,1
4102.0,1
4104.0,1
4112.0,1
4120.0,1
4121.0,1
4123.0,2
4134.0,3
4141.0,1
4146.0,1
4148.0,1
4151.0,1
4153.0,1
4156.0,1
4159.0,1
4161.0,1
4162.0,1
4165.0,1
4167.0,2
4170.0,1
4172.0,1
4176.0,1
4179.0,1
4186.0,1
4190.0,1
4194.0,1
4198.0,1
4207.0,1
4210.0,1
4213.0,1
4222.0,1
4226.0,1
4228.0,1
4235.0,2
4236.0,1
4237.0,1
4238.0,1
4239.0,1
4240.0,2
4241.0,1
4245.0,1
4247.0,1
4251.0,1
4265.0,1
4268.0,2
4270.0,1
4271.0,1
4278.0,1
4281.0,2
4282.0,1
4291.0,1
4296.0,1
4301.0,2
4302.0,1
4303.0,1
4307.0,1
4308.0,3
4309.0,4
4310.0,1
4311.0,1
4314.0,3
4316.0,8
4318.0,6
4319.0,3
4321.0,4
4323.0,1
4326.0,1
4328.0,1
4329.0,3
4330.0,3
4331.0,3
4332.0,18
4333.0,4
4334.0,15
4335.0,4
4340.0,1
4341.0,2
4344.0,4
4347.0,2
4350.0,4
4351.0,1
4355.0,9
4356.0,2
4357.0,21
4359.0,8
4361.0,1
4363.0,1
4364.0,2
4365.0,8
4374.0,1
4375.0,2
4376.0,2
4380.0,13
4382.0,13
4384.0,1
4389.0,1
4390.0,1
4392.0,1
4394.0,1
4395.0,1
4396.0,1
4400.0,1
4402.0,1
4403.0,25
4404.0,1
4405.0,26
4410.0,1
4411.0,1
4412.0,1
4415.0,1
4418.0,1
4419.0,1
4421.0,1
4422.0,1
4427.0,1
4428.0,1
4430.0,1
4432.0,2
4435.0,2
4436.0,2
4440.0,1
4443.0,2
4447.0,1
4455.0,1
4456.0,1
4469.0,1
4472.0,1
4477.0,1
4481.0,1
4488.0,1
4489.0,1
4491.0,1
4502.0,2
4521.0,1
4534.0,1
4537.0,2
4541.0,1
4542.0,2
4544.0,1
4545.0,1
4547.0,1
4551.0,1
4552.0,2
4556.0,1
4560.0,2
4563.0,1
4570.0,1
4574.0,1
4577.0,1
4583.0,1
4585.0,1
4586.0,1
4588.0,2
4596.0,1
4602.0,1
4603.0,1
4607.0,93
4608.0,3
4609.0,3
4610.0,1
4611.0,2
4612.0,2
4614.0,4
4615.0,2
4616.0,5
4618.0,1
4619.0,2
4620.0,3
4622.0,7
4623.0,5
4624.0,6
4625.0,5
4626.0,1
4627.0,2
4628.0,3
4629.0,2
4630.0,1
4631.0,1
4633.0,1
4635.0,1
4638.0,1
4639.0,4
4641.0,3
4642.0,1
4643.0,1
4644.0,2
4645.0,3
4646.0,1
4647.0,2
4652.0,1
4653.0,2
4654.0,1
4655.0,1
4657.0,2
4658.0,2
4662.0,1
4663.0,5
4667.0,2
4670.0,1
4671.0,1
4672.0,2
4673.0,3
4675.0,2
4677.0,1
4681.0,3
4682.0,2
4683.0,1
4685.0,1
4687.0,2
4688.0,1
4689.0,1
4690.0,2
4692.0,7
4695.0,2
4700.0,1
4702.0,1
4705.0,1
4706.0,2
4707.0,1
4719.0,1
4720.0,1
4722.0,1
4728.0,1
4729.0,1
4730.0,1
4731.0,1
4732.0,1
4733.0,1
4735.0,1
4736.0,1
4738.0,1
4739.0,1
4742.0,1
4746.0,1
4747.0,1
4748.0,1
4750.0,1
4754.0,1
4755.0,1
4759.0,1
4765.0,1
4767.0,1
4770.0,1
4775.0,1
4778.0,1
4786.0,1
4787.0,1
4795.0,1
4799.0,1
4810.0,1
4813.0,1
4821.0,1
4822.0,1
4825.0,1
4826.0,1
4828.0,1
4830.0,1
4835.0,1
4836.0,1
4843.0,1
4848.0,1
4850.0,2
4854.0,1
4855.0,1
4857.0,1
4860.0,3
4863.0,1
4866.0,1
4867.0,1
4870.0,1
4876.0,1
4878.0,2
4880.0,1
4882.0,2
4888.0,1
4892.0,2
4899.0,1
4902.0,1
4903.0,1
4905.0,1
4908.0,1
4912.0,1
4914.0,1
4915.0,1
4921.0,1
4926.0,1
4931.0,1
4933.0,1
4938.0,1
4939.0,1
4940.0,1
4948.0,1
4949.0,1
4951.0,1
4957.0,1
4959.0,1
4962.0,1
4977.0,1
4980.0,1
4985.0,1
4986.0,1
4987.0,1
4997.0,1
4998.0,1
4999.0,1
5006.0,1
5019.0,1
5020.0,1
5021.0,1
5042.0,1
5056.0,1
5058.0,1
5060.0,1
5062.0,1
5064.0,1
5065.0,1
5069.0,1
5070.0,3
5072.0,1
5076.0,1
5098.0,1
5105.0,1
5115.0,1
5119.0,1
5125.0,1
5127.0,1
5129.0,1
5132.0,1
5137.0,1
5140.0,1
5158.0,1
5163.0,1
5164.0,1
5169.0,1
5170.0,1
5172.0,1
5191.0,1
5192.0,1
5194.0,1
5195.0,1
5199.0,1
5213.0,1
5218.0,1
5219.0,1
5226.0,1
5238.0,1
5246.0,1
5255.0,1
5256.0,1
5263.0,1
5264.0,1
5269.0,1
5271.0,1
5272.0,1
5273.0,1
5287.0,1
5293.0,1
5300.0,1
5303.0,1
5304.0,1
5308.0,1
5315.0,1
5325.0,1
5330.0,1
5331.0,1
5340.0,1
5348.0,1
5350.0,1
5352.0,1
5375.0,4
5376.0,1
5397.0,1
5400.0,1
5401.0,1
5409.0,1
5414.0,1
5415.0,1
5416.0,1
5424.0,1
5430.0,1
5438.0,1
5440.0,1
5441.0,1
5444.0,1
5447.0,1
5452.0,1
5457.0,3
5464.0,1
5469.0,1
5474.0,1
5475.0,1
5477.0,1
5483.0,1
5488.0,1
5498.0,1
5506.0,1
5507.0,2
5508.0,1
5510.0,1
5518.0,1
5523.0,1
5526.0,1
5530.0,1
5531.0,1
5553.0,1
5554.0,1
5555.0,1
5563.0,1
5569.0,1
5573.0,1
5575.0,1
5580.0,2
5586.0,1
5588.0,1
5589.0,2
5593.0,1
5594.0,1
5596.0,1
5607.0,1
5608.0,1
5609.0,1
5610.0,1
5611.0,1
5621.0,1
5628.0,1
5637.0,1
5659.0,1
5680.0,1
5683.0,1
5684.0,1
5685.0,2
5695.0,1
5701.0,1
5707.0,1
5711.0,1
5716.0,1
5720.0,1
5729.0,1
5733.0,1
5739.0,1
5740.0,1
5744.0,1
5754.0,1
5755.0,1
5759.0,1
5763.0,1
5764.0,1
5766.0,1
5768.0,1
5770.0,1
5771.0,1
5773.0,1
5776.0,1
5780.0,1
5785.0,1
5791.0,1
5796.0,1
5798.0,1
5799.0,1
5807.0,2
5820.0,1
5822.0,1
5826.0,1
5829.0,1
5830.0,1
5831.0,1
5836.0,1
5839.0,1
5841.0,1
5844.0,1
5846.0,1
5860.0,1
5861.0,3
5862.0,4
5863.0,2
5864.0,1
5870.0,1
5872.0,1
5874.0,1
5875.0,1
5876.0,3
5877.0,4
5878.0,2
5881.0,1
5882.0,1
5887.0,1
5892.0,1
5897.0,1
5899.0,1
5905.0,1
5908.0,1
5924.0,1
5936.0,1
5938.0,2
5944.0,1
5957.0,1
5958.0,1
5987.0,1
5997.0,1
5999.0,1
6000.0,1
6002.0,1
6018.0,1
6020.0,1
6025.0,1
6028.0,1
6041.0,1
6066.0,2
6070.0,1
6076.0,1
6092.0,2
6099.0,1
6100.0,1
6115.0,1
6118.0,2
6124.0,1
6126.0,1
6130.0,1
6138.0,1
6139.0,1
6144.0,1
6146.0,177
6147.0,2
6151.0,1
6152.0,1
6153.0,2
6154.0,1
6155.0,3
6156.0,5
6157.0,1
6158.0,2
6159.0,1
6160.0,3
6161.0,8
6162.0,1
6164.0,3
6165.0,1
6166.0,1
6167.0,1
6168.0,1
6169.0,1
6170.0,1
6172.0,2
6177.0,2
6178.0,3
6179.0,2
6180.0,4
6181.0,2
6182.0,3
6183.0,1
6184.0,4
6185.0,1
6186.0,5
6187.0,2
6189.0,1
6190.0,1
6191.0,3
6192.0,1
6195.0,1
6196.0,2
6197.0,1
6198.0,1
6200.0,1
6202.0,2
6203.0,1
6204.0,2
6205.0,3
6206.0,8
6207.0,1
6208.0,1
6210.0,4
6213.0,1
6214.0,1
6215.0,1
6217.0,1
6225.0,2
6226.0,1
6228.0,1
6229.0,2
6230.0,1
6231.0,1
6234.0,2
6236.0,1
6238.0,2
6239.0,1
6241.0,1
6243.0,1
6247.0,1
6253.0,1
6254.0,1
6255.0,1
6261.0,1
6263.0,1
6265.0,2
6268.0,1
6275.0,1
6278.0,1
6280.0,1
6282.0,1
6283.0,13
6284.0,4
6285.0,1
6286.0,1
6288.0,3
6290.0,1
6291.0,1
6292.0,1
6299.0,1
6302.0,1
6308.0,1
6311.0,1
6314.0,3
6315.0,8
6316.0,6
6325.0,1
6326.0,2
6327.0,1
6331.0,1
6334.0,1
6335.0,3
6342.0,1
6343.0,1
6345.0,5
6349.0,1
6350.0,1
6351.0,3
6352.0,2
6353.0,1
6355.0,1
6365.0,1
6371.0,1
6376.0,1
6380.0,1
6383.0,7
6392.0,2
6399.0,1
6400.0,1
6401.0,1
6403.0,1
6409.0,1
6410.0,1
6413.0,1
6419.0,1
6420.0,3
6421.0,4
6422.0,2
6423.0,1
6428.0,3
6429.0,1
6430.0,1
6433.0,3
6434.0,3
6435.0,1
6441.0,1
6447.0,1
6448.0,1
6449.0,1
6451.0,1
6452.0,1
6469.0,1
6470.0,1
6472.0,1
6475.0,1
6479.0,1
6481.0,1
6485.0,1
6489.0,1
6492.0,2
6494.0,2
6495.0,1
6501.0,1
6514.0,2
6518.0,1
6522.0,1
6524.0,1
6525.0,1
6526.0,1
6528.0,1
6529.0,6
6531.0,1
6534.0,1
6540.0,1
6541.0,1
6543.0,5
6545.0,1
6570.0,1
6575.0,1
6583.0,2
6584.0,1
6594.0,2
6604.0,1
6610.0,2
6617.0,5
6618.0,4
6619.0,3
6622.0,1
6623.0,1
6627.0,49
6628.0,2
6629.0,2
6631.0,5
6638.0,2
6639.0,1
6640.0,5
6641.0,2
6642.0,1
6643.0,1
6648.0,1
6654.0,5
6655.0,5
6656.0,2
6658.0,1
6664.0,1
6665.0,1
6667.0,1
6670.0,1
6676.0,1
6678.0,1
6681.0,1
6687.0,1
6692.0,1
6709.0,1
6720.0,1
6723.0,1
6732.0,2
6756.0,1
6764.0,1
6765.0,1
6767.0,1
6786.0,1
6793.0,1
6802.0,1
6812.0,1
6813.0,1
6819.0,6
6823.0,1
6825.0,1
6829.0,2
6841.0,1
6861.0,1
6870.0,4
6874.0,3
6875.0,4
6876.0,2
6882.0,1
6885.0,1
6895.0,1
6897.0,1
6904.0,1
6905.0,4
6909.0,2
6910.0,3
6911.0,1
6912.0,2
6915.0,1
6918.0,1
6925.0,1
6936.0,1
6945.0,1
6947.0,1
6950.0,2
6951.0,1
6952.0,3
6956.0,2
6964.0,1
6966.0,1
6969.0,1
6970.0,1
6972.0,1
6980.0,2
6985.0,1
6987.0,1
6995.0,1
7004.0,1
7005.0,1
7006.0,3
7009.0,1
7010.0,2
7020.0,1
7022.0,1
7030.0,2
7046.0,1
7054.0,1
7064.0,1
7067.0,1
7093.0,1
7100.0,2
7101.0,1
7105.0,1
7116.0,1
7130.0,1
7131.0,1
7132.0,1
7138.0,1
7158.0,1
7159.0,1
7161.0,1
7163.0,1
7170.0,1
7189.0,1
7202.0,1
7206.0,1
7207.0,1
7208.0,1
7216.0,2
7218.0,1
7231.0,1
7232.0,1
7235.0,1
7238.0,2
7241.0,1
7248.0,1
7255.0,1
7258.0,2
7267.0,1
7276.0,1
7288.0,1
7292.0,1
7307.0,1
7315.0,1
7332.0,1
7333.0,1
7337.0,1
7362.0,1
7364.0,1
7368.0,1
7369.0,1
7375.0,1
7380.0,1
7386.0,1
7390.0,1
7398.0,1
7399.0,2
7408.0,1
7419.0,1
7445.0,1
7452.0,1
7469.0,1
7472.0,1
7479.0,1
7484.0,1
7493.0,1
7499.0,1
7509.0,1
7524.0,3
7525.0,4
7526.0,2
7535.0,1
7537.0,1
7545.0,1
7553.0,1
7555.0,1
7561.0,1
7566.0,1
7567.0,2
7585.0,1
7597.0,1
7600.0,1
7608.0,1
7614.0,1
7621.0,1
7634.0,1
7637.0,1
7675.0,1
7679.0,1
7701.0,1
7712.0,1
7713.0,1
7716.0,1
7720.0,1
7725.0,1
7726.0,1
7733.0,1
7736.0,1
7737.0,4
7739.0,1
7744.0,1
7750.0,3
7751.0,4
7752.0,2
7755.0,1
7759.0,1
7761.0,2
7771.0,1
7781.0,1
7784.0,1
7795.0,1
7843.0,1
7850.0,1
7896.0,1
7904.0,1
7910.0,1
7921.0,1
7933.0,1
7967.0,1
7972.0,1
7981.0,1
7994.0,1
7996.0,1
8019.0,1
8029.0,1
8030.0,3
8039.0,1
8045.0,1
8063.0,1
8068.0,1
8079.0,1
8096.0,1
8165.0,1
8186.0,1
8194.0,1
8198.0,1
8214.0,1
8227.0,1
8237.0,1
8247.0,1
8255.0,1
8271.0,1
8281.0,1
8297.0,2
8316.0,1
8322.0,1
8334.0,1
8345.0,1
8351.0,1
8358.0,1
8360.0,1
8383.0,1
8398.0,1
8399.0,1
8417.0,1
8424.0,1
8435.0,1
8452.0,1
8465.0,1
8468.0,1
8472.0,1
8479.0,1
8489.0,1
8499.0,1
8502.0,1
8504.0,1
8516.0,1
8536.0,1
8580.0,1
8583.0,1
8585.0,1
8608.0,1
8609.0,1
8618.0,1
8622.0,1
8624.0,1
8643.0,2
8644.0,1
8650.0,1
8664.0,1
8676.0,1
8680.0,1
8681.0,1
8708.0,1
8718.0,1
8726.0,1
8754.0,1
8771.0,1
8807.0,1
8810.0,1
8874.0,1
8909.0,1
8910.0,1
8942.0,1
8944.0,1
8949.0,1
8980.0,1
8984.0,1
8999.0,1
9000.0,1
9008.0,1
9010.0,1
9012.0,1
9013.0,1
9015.0,1
9022.0,1
9039.0,2
9040.0,1
9041.0,1
9054.0,1
9079.0,1
9086.0,1
9138.0,1
9144.0,1
9146.0,1
9178.0,1
9181.0,1
9186.0,1
9196.0,1
9240.0,1
9254.0,1
9261.0,2
9266.0,1
9267.0,1
9277.0,1
9283.0,1
9286.0,1
9318.0,1
9324.0,1
9386.0,2
9425.0,1
9427.0,1
9441.0,1
9446.0,1
9471.0,1
9473.0,1
9475.0,1
9480.0,1
9491.0,3
9492.0,5
9493.0,1
9499.0,1
9519.0,1
9541.0,1
9548.0,1
9561.0,1
9591.0,1
9649.0,1
9697.0,1
9702.0,1
9708.0,1
9717.0,1
9725.0,1
9742.0,1
9745.0,1
9750.0,1
9788.0,1
9793.0,1
9797.0,1
9799.0,1
9804.0,1
9808.0,1
9809.0,1
9830.0,1
9835.0,1
9851.0,1
9869.0,2
9870.0,1
9880.0,1
9929.0,1
9931.0,1
9949.0,1
9961.0,1
9967.0,1
9978.0,1
9994.0,1
10016.0,1
10032.0,1
10033.0,1
10064.0,1
10086.0,1
10088.0,1
10090.0,1
10109.0,1
10119.0,1
10127.0,1
10130.0,1
10135.0,1
10146.0,1
10150.0,1
10178.0,1
10202.0,1
10203.0,1
10219.0,1
10231.0,1
10232.0,1
10261.0,1
10295.0,1
10358.0,1
10392.0,1
10409.0,1
10418.0,1
10422.0,1
10431.0,2
10432.0,1
10461.0,1
10532.0,1
10611.0,1
10709.0,1
10719.0,1
10737.0,1
10739.0,1
10757.0,1
10780.0,1
10792.0,1
10798.0,2
10804.0,1
10808.0,1
10824.0,1
10826.0,1
10921.0,1
10933.0,1
11015.0,1
11120.0,1
11129.0,1
11130.0,1
11132.0,1
11158.0,1
11179.0,1
11238.0,1
11245.0,1
11301.0,1
11318.0,3
11340.0,1
11349.0,1
11398.0,1
11406.0,1
11470.0,2
11488.0,1
11500.0,1
11507.0,2
11527.0,1
11531.0,1
11534.0,1
11546.0,1
11572.0,1
11586.0,1
11590.0,1
11641.0,1
11655.0,1
11686.0,1
11688.0,1
11714.0,1
11740.0,1
11745.0,2
11751.0,10
11752.0,1
11823.0,1
11903.0,1
11927.0,1
11938.0,1
11953.0,2
11976.0,1
12049.0,1
12058.0,1
12099.0,1
12115.0,1
12150.0,1
12176.0,1
12192.0,8
12235.0,1
12249.0,1
12367.0,1
12437.0,1
12483.0,1
12486.0,2
12529.0,1
12577.0,1
12584.0,2
12588.0,2
12603.0,1
12611.0,1
12621.0,1
12627.0,1
12642.0,1
12652.0,1
12659.0,1
12679.0,1
12681.0,1
12705.0,1
12706.0,1
12714.0,1
12727.0,1
12729.0,1
12875.0,1
12902.0,1
12945.0,1
12958.0,1
12979.0,2
12981.0,1
12990.0,1
12992.0,1
13004.0,1
13007.0,1
13032.0,1
13160.0,1
13163.0,1
13179.0,1
13235.0,1
13266.0,1
13278.0,1
13292.0,1
13313.0,1
13357.0,3
13402.0,1
13419.0,1
13437.0,1
13460.0,1
13497.0,1
13537.0,1
13567.0,1
13574.0,1
13576.0,2
13579.0,1
13584.0,1
13595.0,1
13598.0,3
13599.0,4
13600.0,2
13609.0,1
13611.0,1
13619.0,1
13663.0,1
13669.0,1
13678.0,1
13723.0,1
13746.0,1
13809.0,1
13816.0,1
13822.0,2
13825.0,1
13829.0,1
13848.0,1
13874.0,1
13922.0,1
13956.0,1
13961.0,3
13962.0,4
13963.0,2
13970.0,2
13971.0,1
13972.0,1
13982.0,1
13992.0,1
14115.0,1
14184.0,1
14207.0,1
14223.0,1
14281.0,1
14286.0,1
14322.0,1
14359.0,1
14361.0,1
14388.0,1
14418.0,1
14444.0,1
14473.0,1
14505.0,1
14507.0,1
14508.0,1
14516.0,1
14528.0,1
14557.0,1
14559.0,1
14642.0,1
14643.0,1
14650.0,1
14655.0,1
14663.0,1
14668.0,1
14769.0,1
14789.0,1
14806.0,1
14839.0,1
14981.0,1
15046.0,1
15134.0,1
15185.0,1
15186.0,1
15196.0,1
15239.0,1
15244.0,1
15253.0,1
15357.0,1
15365.0,1
15431.0,1
15448.0,1
15469.0,1
15485.0,1
15489.0,1
15511.0,1
15559.0,1
15583.0,1
15603.0,1
15620.0,1
15624.0,2
15633.0,1
15639.0,1
15703.0,1
15729.0,1
15765.0,1
15847.0,1
15919.0,1
15929.0,1
15940.0,1
16022.0,1
16038.0,1
16054.0,1
16061.0,1
16067.0,1
16081.0,1
16088.0,1
16102.0,1
16113.0,1
16125.0,1
16171.0,1
16218.0,1
16311.0,1
16394.0,2
16398.0,1
16411.0,1
16417.0,1
16419.0,1
16438.0,1
16462.0,1
16466.0,1
16479.0,1
16575.0,1
16576.0,1
16609.0,1
16635.0,1
16659.0,1
16688.0,1
16717.0,1
16773.0,1
16786.0,9
16788.0,1
16790.0,1
16792.0,1
16840.0,1
16887.0,1
16888.0,5
16911.0,1
16918.0,1
16988.0,1
17013.0,1
17044.0,1
17052.0,1
17055.0,1
17085.0,1
17094.0,1
17163.0,1
17174.0,1
17258.0,1
17291.0,1
17391.0,1
17392.0,1
17447.0,2
17523.0,1
17573.0,1
17574.0,1
17575.0,2
17577.0,2
17578.0,1
17579.0,13
17580.0,3
17581.0,1
17582.0,1
17583.0,1
17586.0,1
17587.0,1
17592.0,1
17596.0,1
17600.0,1
17606.0,1
17607.0,1
17608.0,1
17618.0,1
17619.0,1
17620.0,1
17623.0,1
17631.0,1
17671.0,1
17684.0,1
17733.0,1
17749.0,1
17801.0,1
17875.0,1
17982.0,1
18022.0,1
18069.0,1
18114.0,1
18192.0,1
18221.0,1
18256.0,1
18326.0,2
18444.0,1
18497.0,1
18508.0,1
18555.0,2
18563.0,1
18575.0,1
18579.0,2
18591.0,1
18619.0,1
18642.0,1
18724.0,1
18730.0,1
18783.0,1
18789.0,1
18860.0,1
18882.0,1
18925.0,1
18940.0,1
19018.0,1
19029.0,1
19057.0,1
19066.0,1
19068.0,1
19087.0,1
19093.0,1
19096.0,1
19097.0,2
19098.0,1
19103.0,1
19141.0,1
19170.0,1
19186.0,1
19194.0,1
19224.0,1
19245.0,1
19277.0,1
19354.0,1
19385.0,1
19421.0,1
19616.0,1
19692.0,1
19701.0,1
19806.0,1
19849.0,1
19916.0,1
19921.0,2
19982.0,1
19986.0,1
19988.0,1
19993.0,1
19996.0,1
20006.0,1
20034.0,1
20048.0,1
20067.0,1
20108.0,1
20153.0,1
20231.0,1
20299.0,1
20310.0,1
20356.0,1
20407.0,1
20527.0,1
20529.0,1
20540.0,1
20553.0,1
20558.0,1
20606.0,1
20607.0,1
20610.0,1
20641.0,1
20665.0,1
20677.0,1
20716.0,1
20749.0,1
20954.0,1
20982.0,1
20996.0,1
21029.0,1
21089.0,1
21092.0,2
21096.0,1
21279.0,1
21285.0,1
21303.0,1
21310.0,1
21322.0,1
21399.0,1
21512.0,1
21538.0,1
21596.0,1
21604.0,1
21609.0,1
21670.0,1
21716.0,1
21751.0,1
21771.0,1
21772.0,1
21774.0,1
21849.0,1
21858.0,1
21898.0,1
21899.0,1
21903.0,1
21910.0,1
21930.0,1
21991.0,1
22050.0,1
22089.0,1
22116.0,1
22119.0,1
22147.0,1
22151.0,1
22221.0,1
22265.0,1
22267.0,1
22290.0,1
22298.0,1
22355.0,1
22373.0,2
22422.0,1
22468.0,1
22481.0,1
22549.0,1
22714.0,1
22750.0,1
22754.0,1
22779.0,1
22780.0,1
22793.0,1
22810.0,1
22815.0,1
22904.0,1
22914.0,1
22926.0,1
22929.0,1
22948.0,1
22974.0,1
23014.0,1
23031.0,1
23045.0,1
23091.0,1
23093.0,1
23131.0,1
23146.0,1
23151.0,1
23221.0,1
23281.0,1
23286.0,1
23309.0,1
23316.0,1
23374.0,1
23439.0,1
23444.0,1
23454.0,1
23484.0,2
23491.0,1
23495.0,1
23501.0,1
23535.0,1
23536.0,1
23590.0,1
23592.0,1
23649.0,1
23672.0,1
23705.0,1
23717.0,1
23730.0,1
23758.0,1
23769.0,1
23770.0,1
23806.0,1
23817.0,2
23850.0,1
23857.0,1
23948.0,1
23954.0,3
23960.0,1
23965.0,1
23966.0,1
23972.0,1
23978.0,1
24012.0,1
24018.0,1
24079.0,1
24091.0,1
24113.0,1
24198.0,1
24253.0,1
24295.0,1
24331.0,1
24341.0,1
24408.0,1
24487.0,1
24488.0,1
24496.0,1
24499.0,1
24528.0,1
24549.0,1
24552.0,1
24569.0,1
24584.0,1
24676.0,1
24698.0,1
24701.0,1
24792.0,1
24832.0,1
24945.0,1
25033.0,1
25035.0,1
25128.0,1
25135.0,1
25151.0,1
25226.0,1
25323.0,1
25418.0,1
25432.0,1
25449.0,1
25467.0,1
25497.0,1
25503.0,1
25556.0,1
25561.0,1
25566.0,1
25679.0,1
25767.0,1
25819.0,1
25835.0,1
25951.0,1
26075.0,1
26097.0,1
26231.0,1
26246.0,1
26440.0,1
26523.0,1
26563.0,1
26645.0,1
26656.0,1
26704.0,1
26860.0,1
26879.0,1
26931.0,1
26965.0,1
26981.0,1
27106.0,1
27130.0,1
27219.0,1
27273.0,1
27277.0,1
27419.0,1
27483.0,1
27555.0,1
27564.0,1
27678.0,1
27760.0,1
27819.0,1
27848.0,1
27856.0,1
27904.0,1
27944.0,1
28072.0,1
28155.0,1
28436.0,1
28560.0,1
28650.0,1
28808.0,1
28841.0,1
28859.0,1
28882.0,1
28909.0,1
28911.0,1
29079.0,1
29109.0,1
29147.0,1
29224.0,1
29271.0,1
29359.0,1
29433.0,1
29446.0,1
29473.0,1
29535.0,1
29537.0,1
29548.0,1
29637.0,1
29752.0,1
29944.0,1
29972.0,1
29981.0,1
30002.0,1
30142.0,1
30178.0,1
30406.0,1
30458.0,1
30583.0,1
30699.0,1
30789.0,1
30861.0,1
31060.0,1
31083.0,1
31122.0,1
31205.0,1
31209.0,1
31247.0,1
31315.0,1
31468.0,1
31585.0,1
31602.0,1
31825.0,1
31870.0,1
31901.0,1
31906.0,1
31916.0,1
32003.0,1
32034.0,1
32081.0,1
32097.0,1
32196.0,1
32251.0,1
32259.0,1
32277.0,1
32316.0,1
32333.0,1
32346.0,1
32405.0,1
32449.0,1
32569.0,1
32782.0,1
32806.0,1
32815.0,1
32817.0,2
32853.0,1
32868.0,1
32872.0,1
33059.0,1
33106.0,1
33247.0,1
33429.0,1
33483.0,1
33505.0,1
33634.0,1
34005.0,1
34434.0,1
34545.0,1
34681.0,1
34686.0,1
34751.0,1
35116.0,1
35137.0,1
35353.0,1
35357.0,1
35420.0,1
35628.0,1
35645.0,3
35728.0,1
35844.0,1
35887.0,1
36060.0,1
36110.0,1
36121.0,1
36344.0,1
36476.0,1
36766.0,1
36893.0,1
36985.0,1
37092.0,1
37108.0,1
37111.0,1
37116.0,1
37129.0,1
37144.0,1
37153.0,1
37192.0,1
37355.0,1
37451.0,1
37611.0,2
37646.0,1
37859.0,1
37887.0,1
37994.0,1
38019.0,1
38035.0,1
38266.0,1
38476.0,1
38928.0,1
38979.0,1
39166.0,1
39289.0,1
39588.0,1
39632.0,1
39751.0,1
39921.0,1
39924.0,1
39930.0,1
40043.0,1
40082.0,1
40107.0,1
40154.0,1
40173.0,1
40248.0,1
40328.0,1
40389.0,1
40398.0,1
40411.0,1
40509.0,1
40687.0,1
40732.0,1
40803.0,1
40852.0,1
40899.0,1
40956.0,1
41019.0,1
41029.0,1
41068.0,1
41122.0,1
41168.0,1
41314.0,1
41503.0,1
41626.0,1
41677.0,1
41686.0,1
41796.0,1
41810.0,1
42030.0,1
42153.0,1
42364.0,1
42434.0,1
42446.0,1
42474.0,1
42612.0,1
42613.0,1
42641.0,1
42870.0,1
42872.0,1
42927.0,1
42980.0,1
43014.0,1
43097.0,1
43118.0,1
43425.0,1
43480.0,1
44006.0,1
44107.0,1
44437.0,1
44654.0,1
44869.0,1
45134.0,1
45223.0,1
45380.0,1
45494.0,1
45501.0,2
45720.0,1
45721.0,1
45739.0,3
45928.0,1
46126.0,1
46147.0,1
46244.0,1
46291.0,1
46370.0,1
46482.0,1
46519.0,1
46574.0,1
46579.0,2
46639.0,1
46684.0,1
46771.0,1
46783.0,1
46816.0,2
46837.0,1
46964.0,1
47182.0,1
47242.0,1
47348.0,1
47708.0,1
47831.0,1
48477.0,1
48724.0,1
48826.0,1
48877.0,1
48901.0,1
48922.0,1
48960.0,1
49093.0,1
49329.0,1
49442.0,2
49449.0,1
49506.0,1
49532.0,1
49540.0,1
49588.0,1
49634.0,1
49666.0,1
49883.0,1
50097.0,1
50137.0,1
50271.0,1
50319.0,1
50344.0,1
50355.0,1
50670.0,1
50682.0,1
50702.0,1
50725.0,1
50803.0,1
50853.0,1
50874.0,1
50960.0,1
51153.0,1
51404.0,1
51427.0,1
51684.0,2
52039.0,1
52212.0,1
52213.0,1
52282.0,1
52476.0,1
52746.0,1
52762.0,1
52863.0,1
52917.0,1
53049.0,1
53201.0,1
53376.0,1
53474.0,1
53779.0,1
54013.0,1
54088.0,1
54230.0,1
54245.0,1
54516.0,3
54517.0,4
54518.0,2
54537.0,1
54575.0,1
54592.0,1
54631.0,1
54937.0,1
55217.0,1
55480.0,1
55524.0,1
55931.0,1
56392.0,1
56504.0,1
56510.0,1
56512.0,1
56906.0,1
57046.0,1
57482.0,1
58059.0,1
58190.0,2
58262.0,1
58294.0,1
58310.0,1
58533.0,1
58718.0,1
58899.0,1
59124.0,1
59644.0,1
59708.0,1
59761.0,1
59781.0,1
60081.0,1
61112.0,1
61150.0,1
61609.0,1
61738.0,1
62202.0,1
62288.0,1
62349.0,1
62507.0,1
63407.0,1
63563.0,1
63606.0,1
64485.0,1
64853.0,1
64962.0,1
65187.0,1
65200.0,1
65358.0,1
66143.0,1
66155.0,1
66612.0,1
67280.0,1
67289.0,1
67608.0,1
68376.0,1
68976.0,1
69111.0,1
69382.0,1
69606.0,1
70310.0,1
70315.0,1
70610.0,1
71236.0,1
71894.0,1
72546.0,1
72678.0,1
72828.0,1
74204.0,1
74438.0,1
75082.0,1
76428.0,1
76940.0,1
77501.0,1
77537.0,1
78111.0,1
78515.0,1
78562.0,1
79370.0,1
79697.0,1
79774.0,1
80525.0,1
82082.0,1
83585.0,1
83777.0,1
84070.0,1
84762.0,1
84977.0,1
86631.0,1
87408.0,1
88053.0,1
90314.0,1
91050.0,1
91156.0,1
92938.0,1
92964.0,1
93165.0,1
94025.0,1
94377.0,1
94454.0,1
94847.0,1
95582.0,1
95713.0,1
96503.0,1
96944.0,1
97579.0,1
97760.0,1
98025.0,1
100375.0,1
100384.0,1
100780.0,1
102257.0,1
103033.0,1
105014.0,2
107404.0,1
107534.0,1
108356.0,1
109218.0,1
111615.0,1
113035.0,1
117961.0,1
118711.0,1
120714.0,1
121792.0,1
125471.0,1
127840.0,1
128951.0,1
130213.0,1
130765.0,1
132020.0,1
132688.0,1
134748.0,1
141655.0,1
143565.0,1
144074.0,1
146516.0,1
148393.0,1
149205.0,1
152824.0,1
152858.0,2
152860.0,1
152861.0,1
154020.0,1
154262.0,1
155395.0,3
155396.0,1
155844.0,1
156678.0,1
159634.0,1
162002.0,1
163503.0,1
169277.0,1
175574.0,1
178805.0,1
180610.0,1
181910.0,1
182338.0,1
182477.0,1
182643.0,1
182951.0,1
183984.0,1
183986.0,1
183988.0,1
183989.0,1
184048.0,1
184061.0,1
184100.0,1
184224.0,1
184231.0,1
184363.0,1
184450.0,1
184576.0,1
184765.0,1
184859.0,1
187267.0,1
188885.0,1
189612.0,1
192287.0,1
193054.0,1
193089.0,1
193896.0,1
193900.0,1
193901.0,1
193913.0,1
193920.0,1
193927.0,1
193979.0,1
193983.0,1
194005.0,1
194016.0,1
194028.0,1
194083.0,1
194105.0,1
194129.0,1
194506.0,1
194601.0,2
194684.0,1
195203.0,1
195206.0,1
195228.0,1
195905.0,1
196334.0,1
197417.0,1
197767.0,1
197770.0,2
199053.0,2
199054.0,1
199055.0,1
199056.0,1
199140.0,1
199248.0,1
199470.0,1
199499.0,2
199665.0,1
200577.0,1
200642.0,1
200736.0,1
200750.0,1
201093.0,1
202280.0,1
202371.0,1
202397.0,1
203040.0,1
203456.0,1
203653.0,1
203746.0,1
203951.0,1
204056.0,1
204467.0,1
204954.0,1
205555.0,1
206088.0,1
208234.0,1
208307.0,1
208433.0,1
210235.0,1
210822.0,1
211055.0,1
211576.0,1
211967.0,1
212226.0,1
212688.0,1
214248.0,1
215206.0,1
216078.0,1
218152.0,1
219394.0,1
219483.0,1
221121.0,1
222225.0,1
227298.0,1
228723.0,1
229861.0,1
232343.0,1
234341.0,1
234921.0,1
235011.0,1
236128.0,1
236154.0,1
238745.0,1
240999.0,1
243543.0,1
243806.0,1
244543.0,1
245426.0,1
249165.0,1
251531.0,1
251550.0,1
251652.0,1
256214.0,1
261317.0,1
262227.0,1
262267.0,1
264326.0,1
265362.0,1
265391.0,1
266355.0,1
267456.0,1
267823.0,1
269746.0,1
270165.0,1
270654.0,1
270717.0,1
270745.0,1
272156.0,1
273242.0,1
274715.0,1
276832.0,1
277114.0,1
277501.0,1
279685.0,1
282043.0,1
282689.0,1
282875.0,1
283022.0,1
283032.0,1
284491.0,1
285935.0,1
286853.0,1
292339.0,1
292513.0,1
292684.0,1
293946.0,1
296349.0,1
297090.0,1
297100.0,1
298503.0,1
300043.0,1
301882.0,1
304504.0,2
306623.0,1
306961.0,1
307188.0,1
308823.0,5
308825.0,3
308841.0,1
308846.0,1
308868.0,1
308872.0,1
308907.0,1
308923.0,1
309017.0,1
309024.0,1
309420.0,2
309421.0,2
309422.0,2
309423.0,3
309424.0,1
309426.0,1
309430.0,1
309449.0,1
309454.0,1
309463.0,1
309464.0,1
309465.0,1
309466.0,1
309469.0,1
309500.0,1
309507.0,1
309518.0,1
309939.0,1
309941.0,1
309944.0,1
310010.0,1
310704.0,1
311409.0,1
311410.0,1
311414.0,1
311605.0,1
311667.0,1
313367.0,3
313371.0,2
313372.0,1
313373.0,1
313375.0,1
313380.0,1
313394.0,1
313408.0,1
313415.0,1
313821.0,1
314213.0,1
314713.0,1
314796.0,1
315480.0,1
316483.0,1
317028.0,1
318187.0,1
318252.0,1
320035.0,1
320801.0,1
320830.0,1
320846.0,1
321071.0,1
321224.0,1
321516.0,1
321840.0,1
322272.0,1
322310.0,1
322329.0,1
322353.0,1
322452.0,1
323553.0,1
323583.0,1
323606.0,1
323960.0,1
323981.0,1
323984.0,1
324130.0,1
324179.0,1
324497.0,1
324526.0,1
324599.0,1
324680.0,1
324712.0,1
325431.0,1
325761.0,1
326264.0,1
326587.0,1
326656.0,1
326661.0,1
326676.0,1
326770.0,1
326824.0,1
327066.0,1
327304.0,1
327387.0,1
327430.0,1
328427.0,1
329207.0,1
329771.0,1
330703.0,1
330824.0,1
331429.0,1
331519.0,1
331944.0,1
332019.0,1
332292.0,1
332655.0,1
332723.0,1
333876.0,1
334464.0,1
335909.0,1
336944.0,1
338162.0,1
340395.0,1
341293.0,1
344724.0,1
350011.0,1
350969.0,1
354853.0,1
356825.0,1
357747.0,1
357897.0,1
368157.0,1
369524.0,1
377617.0,1
382339.0,1
383545.0,1
386357.0,1
387094.0,1
387582.0,1
387881.0,1
387990.0,1
395479.0,1
398660.0,1
398735.0,1
404315.0,1
408773.0,1
415555.0,1
416358.0,1
424418.0,1
433212.0,1
438246.0,1
443795.0,1
448120.0,1
461958.0,1
467438.0,1
479148.0,1
507090.0,1
508581.0,1
534589.0,1
546936.0,1
554545.0,1
563462.0,1
564293.0,1
567093.0,1
574034.0,1
576691.0,1
577580.0,1
578522.0,1
583070.0,1
584055.0,1
596198.0,1
601027.0,1
607987.0,1
611448.0,1
624323.0,1
624923.0,1
626054.0,1
628227.0,1
630657.0,1
632522.0,1
639252.0,1
643286.0,1
675666.0,1
690664.0,1
694425.0,1
698650.0,1
705807.0,1
718628.0,1
728409.0,1
729225.0,1
738730.0,1
786261.0,1
810766.0,1
848067.0,1
901173.0,1
918277.0,1
993142.0,1
1032172.0,1
1046046.0,1
1435443.0,1